config,strategy,run_dir,timestamp,mse,mae,sd_error,r2,pearson_r,window_length,kt,ks,hidden_channels,use_preprocess_mlp,add_self_loops
config_0045,subject_loo,./results/SpatioTemporalHeteroGNN/eSEEd_v2/2025-12-30_23-22-49,2025-12-30_23-22-49,12.313338994979858,2.946982884407044,3.2711284,-0.3822173237800598,0.3117824,30,2,1,512,False,True
config_0009,subject_loo,./results/SpatioTemporalHeteroGNN/eSEEd_v2/2025-12-30_20-59-26,2025-12-30_20-59-26,12.449597120285034,2.9593979835510256,3.299876,-0.2724420189857482,0.32236895,5,2,6,64,False,True
config_0006,subject_loo,./results/SpatioTemporalHeteroGNN/eSEEd_v2/2025-12-30_20-26-42,2025-12-30_20-26-42,12.584031343460085,2.949588191509247,3.293742,-0.2527156591415405,0.32285792,5,13,1,128,False,False
config_0039,subject_loo,./results/SpatioTemporalHeteroGNN/eSEEd_v2/2025-12-30_23-05-40,2025-12-30_23-05-40,12.592048025131223,3.009156119823456,3.3131225,-0.2907257139682769,0.32499096,10,9,4,64,True,False
config_0021,subject_loo,./results/SpatioTemporalHeteroGNN/eSEEd_v2/2025-12-30_21-55-39,2025-12-30_21-55-39,12.602679872512818,2.9993283987045287,3.3047523,-0.3494765102863312,0.31574816,5,22,6,32,False,False
config_0026,subject_loo,./results/SpatioTemporalHeteroGNN/eSEEd_v2/2025-12-30_22-14-49,2025-12-30_22-14-49,12.617567014694211,2.986819338798523,3.3182762,-0.2997135043144226,0.31561074,5,8,5,32,True,False
config_0011,subject_loo,./results/SpatioTemporalHeteroGNN/eSEEd_v2/2025-12-30_21-09-45,2025-12-30_21-09-45,12.618467903137208,2.9596814632415773,3.3139408,-0.3560763239860535,0.26388392,30,6,3,128,True,False
config_0033,subject_loo,./results/SpatioTemporalHeteroGNN/eSEEd_v2/2025-12-30_22-46-30,2025-12-30_22-46-30,12.650827264785766,2.998089301586151,3.3063798,-0.3329030990600586,0.31766433,5,28,3,32,True,False
config_0027,subject_loo,./results/SpatioTemporalHeteroGNN/eSEEd_v2/2025-12-30_22-19-05,2025-12-30_22-19-05,12.697659063339234,2.985238265991211,3.2980778,-0.4220944225788116,0.3206615,5,25,5,64,True,False
config_0002,subject_loo,./results/SpatioTemporalHeteroGNN/eSEEd_v2/2025-12-30_20-08-39,2025-12-30_20-08-39,12.71375494003296,2.9758292198181158,3.2979283,-0.3670187413692474,0.32236248,5,1,1,64,True,True
config_0003,subject_loo,./results/SpatioTemporalHeteroGNN/eSEEd_v2/2025-12-30_20-13-10,2025-12-30_20-13-10,12.714388751983645,3.00296802520752,3.3074539,-0.5524281740188599,0.3432666,10,23,6,512,False,True
config_0008,subject_loo,./results/SpatioTemporalHeteroGNN/eSEEd_v2/2025-12-30_20-45-48,2025-12-30_20-45-48,12.714973402023316,2.985772442817688,3.3228881,-0.4841516196727752,0.32395512,5,18,3,512,False,True
config_0041,subject_loo,./results/SpatioTemporalHeteroGNN/eSEEd_v2/2025-12-30_23-13-28,2025-12-30_23-13-28,12.739516925811769,2.9999488830566405,3.3158119,-0.4035257041454315,0.32951003,10,6,4,256,False,True
config_0046,subject_loo,./results/SpatioTemporalHeteroGNN/eSEEd_v2/2025-12-30_23-25-23,2025-12-30_23-25-23,12.771835565567017,2.991092801094055,3.310144,-0.384704041481018,0.31728593,5,17,1,64,True,True
config_0012,subject_loo,./results/SpatioTemporalHeteroGNN/eSEEd_v2/2025-12-30_21-11-01,2025-12-30_21-11-01,12.777378177642822,2.997814440727234,3.3116531,-0.4000373780727386,0.3161071,5,20,6,64,True,True
config_0031,subject_loo,./results/SpatioTemporalHeteroGNN/eSEEd_v2/2025-12-30_22-36-05,2025-12-30_22-36-05,12.78125319480896,2.9979196071624754,3.3120952,-0.4026955306529999,0.31604597,5,19,5,64,True,True
config_0007,subject_loo,./results/SpatioTemporalHeteroGNN/eSEEd_v2/2025-12-30_20-30-40,2025-12-30_20-30-40,12.792155218124387,2.9795854091644287,3.3051643,-0.3981129467487335,0.31485787,5,24,4,512,True,False
config_0024,subject_loo,./results/SpatioTemporalHeteroGNN/eSEEd_v2/2025-12-30_22-11-52,2025-12-30_22-11-52,12.809710550308228,2.9973705887794493,3.310262,-0.3500339865684509,0.3324294,10,5,3,64,True,False
config_0017,subject_loo,./results/SpatioTemporalHeteroGNN/eSEEd_v2/2025-12-30_21-37-07,2025-12-30_21-37-07,12.826500606536865,2.990047001838684,3.3115833,-0.4527130722999573,0.3404023,10,8,6,512,False,False
config_0044,subject_loo,./results/SpatioTemporalHeteroGNN/eSEEd_v2/2025-12-30_23-20-16,2025-12-30_23-20-16,12.829694890975953,3.005306363105774,3.3109875,-0.377596378326416,0.33206254,10,7,3,64,True,True
config_0022,subject_loo,./results/SpatioTemporalHeteroGNN/eSEEd_v2/2025-12-30_21-59-59,2025-12-30_21-59-59,12.838527297973632,2.9955461859703063,3.3107414,-0.3554585039615631,0.325478,5,10,4,64,False,True
config_0019,subject_loo,./results/SpatioTemporalHeteroGNN/eSEEd_v2/2025-12-30_21-43-58,2025-12-30_21-43-58,12.853092002868651,2.9879117012023926,3.2983887,-0.3193900406360626,0.31969157,5,28,1,64,True,False
config_0032,subject_loo,./results/SpatioTemporalHeteroGNN/eSEEd_v2/2025-12-30_22-41-14,2025-12-30_22-41-14,12.879578113555908,3.02795832157135,3.3147006,-0.4211753368377685,0.31587735,5,23,6,32,True,True
config_0038,subject_loo,./results/SpatioTemporalHeteroGNN/eSEEd_v2/2025-12-30_23-02-35,2025-12-30_23-02-35,12.891976356506348,2.996202063560486,3.326137,-0.3849739015102386,0.32706356,10,7,5,256,True,False
config_0036,subject_loo,./results/SpatioTemporalHeteroGNN/eSEEd_v2/2025-12-30_22-54-27,2025-12-30_22-54-27,12.946147346496582,3.0507157325744627,3.3588367,-0.4741028130054474,0.19398555,60,12,4,256,False,True
config_0047,subject_loo,./results/SpatioTemporalHeteroGNN/eSEEd_v2/2025-12-30_23-30-16,2025-12-30_23-30-16,12.948149871826171,3.01626205444336,3.3030734,-0.4965180397033691,0.33690792,10,13,1,512,True,True
config_0040,recording_loo,./results/SpatioTemporalHeteroGNN/eSEEd_v2/2025-12-30_23-08-08,2025-12-30_23-08-08,12.979663562774656,3.073395347595215,3.0897274,-1.7474813401699063,0.028329868,5,2,6,512,True,True
config_0013,subject_loo,./results/SpatioTemporalHeteroGNN/eSEEd_v2/2025-12-30_21-16-08,2025-12-30_21-16-08,13.018136692047118,2.954240775108337,3.3316517,-0.4114673495292663,0.22226067,60,13,3,512,True,False
config_0014,subject_loo,./results/SpatioTemporalHeteroGNN/eSEEd_v2/2025-12-30_21-22-39,2025-12-30_21-22-39,13.020265007019043,2.9932788610458374,3.3331158,-0.3922927260398864,0.30654836,5,8,1,128,False,False
config_0016,subject_loo,./results/SpatioTemporalHeteroGNN/eSEEd_v2/2025-12-30_21-30-46,2025-12-30_21-30-46,13.029724740982056,3.105339884757996,3.3357453,-0.6005622863769531,0.21621077,60,29,6,256,True,False
config_0028,subject_loo,./results/SpatioTemporalHeteroGNN/eSEEd_v2/2025-12-30_22-23-41,2025-12-30_22-23-41,13.060075044631958,3.0308213949203493,3.3220057,-0.4546218872070312,0.3287534,10,9,5,512,False,True
config_0023,subject_loo,./results/SpatioTemporalHeteroGNN/eSEEd_v2/2025-12-30_22-04-24,2025-12-30_22-04-24,13.068461751937866,3.0703293323516845,3.2881737,-0.6502323687076569,0.31194603,30,17,2,512,True,False
config_0001,subject_loo,./results/SpatioTemporalHeteroGNN/eSEEd_v2/2025-12-30_19-58-42,2025-12-30_19-58-42,13.074989700317383,3.027054786682129,3.3425968,-0.645346337556839,0.3194639,10,24,1,512,True,False
config_0020,subject_loo,./results/SpatioTemporalHeteroGNN/eSEEd_v2/2025-12-30_21-48-24,2025-12-30_21-48-24,13.080454349517822,3.0201634645462034,3.3414924,-0.5535641252994538,0.31976044,5,13,4,512,False,False
config_0048,subject_loo,./results/SpatioTemporalHeteroGNN/eSEEd_v2/2025-12-30_23-37-17,2025-12-30_23-37-17,13.080622005462647,3.020342206954956,3.3414798,-0.5547164261341095,0.31982428,5,14,6,512,False,False
config_0032,recording_loo,./results/SpatioTemporalHeteroGNN/eSEEd_v2/2025-12-30_22-41-14,2025-12-30_22-41-14,13.08682107925415,3.0600499153137206,3.0543647,-1.865408706665039,0.07788308,5,23,6,32,True,True
config_0037,subject_loo,./results/SpatioTemporalHeteroGNN/eSEEd_v2/2025-12-30_22-57-54,2025-12-30_22-57-54,13.097451400756835,3.020960962772369,3.31722,-0.373783653974533,0.3258275,5,2,4,128,True,True
config_0015,subject_loo,./results/SpatioTemporalHeteroGNN/eSEEd_v2/2025-12-30_21-26-29,2025-12-30_21-26-29,13.167195796966553,3.0496907472610477,3.329909,-0.691496604681015,0.3240398,5,7,5,128,True,False
config_0049,subject_loo,./results/SpatioTemporalHeteroGNN/eSEEd_v2/2025-12-30_23-45-16,2025-12-30_23-45-16,13.182703638076784,3.068476343154907,3.340638,-0.4477038204669952,0.3201957,10,22,6,128,True,False
config_0028,recording_loo,./results/SpatioTemporalHeteroGNN/eSEEd_v2/2025-12-30_22-23-41,2025-12-30_22-23-41,13.184080171585084,3.0963101148605348,3.110854,-1.9172168850898743,0.056336395,10,9,5,512,False,True
config_0000,subject_loo,./results/SpatioTemporalHeteroGNN/eSEEd_v2/2025-12-30_19-54-10,2025-12-30_19-54-10,13.215916538238526,3.0173911690711974,3.334662,-0.3324125468730926,0.3146412,5,1,6,128,True,True
config_0040,subject_loo,./results/SpatioTemporalHeteroGNN/eSEEd_v2/2025-12-30_23-08-08,2025-12-30_23-08-08,13.261207485198977,3.0506932735443115,3.3512394,-0.3772140264511108,0.30971757,5,2,6,512,True,True
config_0029,subject_loo,./results/SpatioTemporalHeteroGNN/eSEEd_v2/2025-12-30_22-30-06,2025-12-30_22-30-06,13.27838201522827,3.0400736331939697,3.3318868,-0.4134909570217132,0.3365284,10,23,3,256,False,False
config_0002,recording_loo,./results/SpatioTemporalHeteroGNN/eSEEd_v2/2025-12-30_20-08-39,2025-12-30_20-08-39,13.287202644348143,3.0938677549362184,3.0833318,-1.939120000600815,0.04648616,5,1,1,64,True,True
config_0010,subject_loo,./results/SpatioTemporalHeteroGNN/eSEEd_v2/2025-12-30_21-03-54,2025-12-30_21-03-54,13.310396337509156,3.040117585659027,3.3335223,-0.4098957240581512,0.33530658,10,28,1,256,False,False
config_0026,recording_loo,./results/SpatioTemporalHeteroGNN/eSEEd_v2/2025-12-30_22-14-49,2025-12-30_22-14-49,13.339487266540528,3.127448296546936,3.0707746,-2.066758692264557,0.07047638,5,8,5,32,True,False
config_0005,subject_loo,./results/SpatioTemporalHeteroGNN/eSEEd_v2/2025-12-30_20-25-24,2025-12-30_20-25-24,13.341392946243284,3.078425097465515,3.4250748,-0.5382980823516845,0.16392763,30,9,2,64,False,True
config_0041,recording_loo,./results/SpatioTemporalHeteroGNN/eSEEd_v2/2025-12-30_23-13-28,2025-12-30_23-13-28,13.342630434036256,3.116249084472656,3.097212,-2.102541178464889,0.043711536,10,6,4,256,False,True
config_0048,recording_loo,./results/SpatioTemporalHeteroGNN/eSEEd_v2/2025-12-30_23-37-17,2025-12-30_23-37-17,13.410351371765136,3.130788564682007,3.1107178,-2.269073688983917,0.052386206,5,14,6,512,False,False
config_0020,recording_loo,./results/SpatioTemporalHeteroGNN/eSEEd_v2/2025-12-30_21-48-24,2025-12-30_21-48-24,13.412985181808471,3.130996298789978,3.11092,-2.267520433664322,0.0523251,5,13,4,512,False,False
config_0014,recording_loo,./results/SpatioTemporalHeteroGNN/eSEEd_v2/2025-12-30_21-22-39,2025-12-30_21-22-39,13.416989040374755,3.1071527004241943,3.1069348,-1.9161917448043824,0.032269858,5,8,1,128,False,False
config_0006,recording_loo,./results/SpatioTemporalHeteroGNN/eSEEd_v2/2025-12-30_20-26-42,2025-12-30_20-26-42,13.446458625793458,3.098175859451294,3.102587,-1.8151773810386655,0.049542032,5,13,1,128,False,False
config_0003,recording_loo,./results/SpatioTemporalHeteroGNN/eSEEd_v2/2025-12-30_20-13-10,2025-12-30_20-13-10,13.450962734222411,3.101037549972534,3.1006937,-1.7566278457641602,0.052818578,10,23,6,512,False,True
config_0025,subject_loo,./results/SpatioTemporalHeteroGNN/eSEEd_v2/2025-12-30_22-14-09,2025-12-30_22-14-09,13.456598949432372,3.085475397109985,3.4262002,-0.6104213297367096,0.1352621,60,1,1,128,False,True
config_0043,subject_loo,./results/SpatioTemporalHeteroGNN/eSEEd_v2/2025-12-30_23-18-42,2025-12-30_23-18-42,13.458915519714356,3.087417149543762,3.4263625,-0.6101958155632019,0.13438436,60,9,4,128,False,False
config_0021,recording_loo,./results/SpatioTemporalHeteroGNN/eSEEd_v2/2025-12-30_21-55-39,2025-12-30_21-55-39,13.460297966003418,3.1379868745803834,3.076137,-2.08888151049614,0.06278793,5,22,6,32,False,False
config_0022,recording_loo,./results/SpatioTemporalHeteroGNN/eSEEd_v2/2025-12-30_21-59-59,2025-12-30_21-59-59,13.476299715042114,3.117554950714111,3.0739102,-1.933260786533356,0.07167167,5,10,4,64,False,True
config_0009,recording_loo,./results/SpatioTemporalHeteroGNN/eSEEd_v2/2025-12-30_20-59-26,2025-12-30_20-59-26,13.521589756011965,3.1238657951354982,3.1036797,-1.9036312401294708,0.05661134,5,2,6,64,False,True
config_0019,recording_loo,./results/SpatioTemporalHeteroGNN/eSEEd_v2/2025-12-30_21-43-58,2025-12-30_21-43-58,13.533165788650512,3.137182974815369,3.1095455,-1.9882714867591855,0.03636477,5,28,1,64,True,False
config_0049,recording_loo,./results/SpatioTemporalHeteroGNN/eSEEd_v2/2025-12-30_23-45-16,2025-12-30_23-45-16,13.537630367279052,3.157344031333923,3.1224434,-2.0746831059455872,0.058668017,10,22,6,128,True,False
config_0027,recording_loo,./results/SpatioTemporalHeteroGNN/eSEEd_v2/2025-12-30_22-19-05,2025-12-30_22-19-05,13.54276876449585,3.1650604009628296,3.1068578,-2.017996555566788,0.046961773,5,25,5,64,True,False
config_0015,recording_loo,./results/SpatioTemporalHeteroGNN/eSEEd_v2/2025-12-30_21-26-29,2025-12-30_21-26-29,13.562150239944458,3.1369611024856567,3.0860245,-2.069031113386154,0.03592917,5,7,5,128,True,False
config_0046,recording_loo,./results/SpatioTemporalHeteroGNN/eSEEd_v2/2025-12-30_23-25-23,2025-12-30_23-25-23,13.587047672271728,3.1423792839050293,3.106833,-2.077878487110138,0.0403578,5,17,1,64,True,True
config_0031,recording_loo,./results/SpatioTemporalHeteroGNN/eSEEd_v2/2025-12-30_22-36-05,2025-12-30_22-36-05,13.596412420272827,3.1510266780853278,3.1080732,-2.082079064846039,0.040996127,5,19,5,64,True,True
config_0023,recording_loo,./results/SpatioTemporalHeteroGNN/eSEEd_v2/2025-12-30_22-04-24,2025-12-30_22-04-24,13.596509170532226,3.1407671213150024,3.1198602,-1.92071333527565,0.017991532,30,17,2,512,True,False
config_0012,recording_loo,./results/SpatioTemporalHeteroGNN/eSEEd_v2/2025-12-30_21-11-01,2025-12-30_21-11-01,13.60872778892517,3.1534165859222414,3.107914,-2.092877101898193,0.041363426,5,20,6,64,True,True
config_0039,recording_loo,./results/SpatioTemporalHeteroGNN/eSEEd_v2/2025-12-30_23-05-40,2025-12-30_23-05-40,13.609757089614869,3.159087896347046,3.0986009,-2.1866562008857726,0.05202989,10,9,4,64,True,False
config_0044,recording_loo,./results/SpatioTemporalHeteroGNN/eSEEd_v2/2025-12-30_23-20-16,2025-12-30_23-20-16,13.648270845413208,3.1415839910507204,3.0924544,-2.0242001831531526,0.060601603,10,7,3,64,True,True
config_0024,recording_loo,./results/SpatioTemporalHeteroGNN/eSEEd_v2/2025-12-30_22-11-52,2025-12-30_22-11-52,13.65325574874878,3.139776372909546,3.0943632,-2.012281769514084,0.059372436,10,5,3,64,True,False
config_0007,recording_loo,./results/SpatioTemporalHeteroGNN/eSEEd_v2/2025-12-30_20-30-40,2025-12-30_20-30-40,13.654073667526244,3.139242911338806,3.103599,-2.199916923046112,0.0664058,5,24,4,512,True,False
config_0033,recording_loo,./results/SpatioTemporalHeteroGNN/eSEEd_v2/2025-12-30_22-46-30,2025-12-30_22-46-30,13.6730929851532,3.114895558357239,3.065158,-1.9316541731357573,0.081347905,5,28,3,32,True,False
config_0034,subject_loo,./results/SpatioTemporalHeteroGNN/eSEEd_v2/2025-12-30_22-51-05,2025-12-30_22-51-05,13.703522443771362,3.1245660305023195,3.470911,-0.6206932783126831,0.09407521,60,7,5,64,False,True
config_0018,subject_loo,./results/SpatioTemporalHeteroGNN/eSEEd_v2/2025-12-30_21-42-44,2025-12-30_21-42-44,13.704420471191408,3.1239624500274656,3.4714859,-0.6188581943511963,0.093799695,60,12,2,64,False,True
config_0042,subject_loo,./results/SpatioTemporalHeteroGNN/eSEEd_v2/2025-12-30_23-16-35,2025-12-30_23-16-35,13.706610870361327,3.1232265710830687,3.472213,-0.6166076838970185,0.09341148,60,29,1,64,False,True
config_0008,recording_loo,./results/SpatioTemporalHeteroGNN/eSEEd_v2/2025-12-30_20-45-48,2025-12-30_20-45-48,13.718523073196412,3.1587251663208007,3.1161275,-2.3258776903152465,0.035285525,5,18,3,512,False,True
config_0010,recording_loo,./results/SpatioTemporalHeteroGNN/eSEEd_v2/2025-12-30_21-03-54,2025-12-30_21-03-54,13.736737537384034,3.125894618034363,3.107617,-1.960661154985428,0.03726689,10,28,1,256,False,False
config_0030,subject_loo,./results/SpatioTemporalHeteroGNN/eSEEd_v2/2025-12-30_22-35-20,2025-12-30_22-35-20,13.755610466003418,3.1158721446990967,3.4719944,-0.6357361793518066,0.095022775,60,4,2,64,True,False
config_0029,recording_loo,./results/SpatioTemporalHeteroGNN/eSEEd_v2/2025-12-30_22-30-06,2025-12-30_22-30-06,13.755714273452758,3.130715775489807,3.1097357,-1.9846207678318024,0.036907963,10,23,3,256,False,False
config_0038,recording_loo,./results/SpatioTemporalHeteroGNN/eSEEd_v2/2025-12-30_23-02-35,2025-12-30_23-02-35,13.758045196533203,3.176399350166321,3.107615,-2.26533300280571,0.029287755,10,7,5,256,True,False
config_0035,subject_loo,./results/SpatioTemporalHeteroGNN/eSEEd_v2/2025-12-30_22-52-15,2025-12-30_22-52-15,13.772474908828736,3.116921830177307,3.4713178,-0.6393481016159057,0.09448853,60,26,4,64,True,True
config_0045,recording_loo,./results/SpatioTemporalHeteroGNN/eSEEd_v2/2025-12-30_23-22-49,2025-12-30_23-22-49,13.80895709991455,3.171150183677673,3.133896,-1.6552273511886595,0.021740096,30,2,1,512,False,True
config_0001,recording_loo,./results/SpatioTemporalHeteroGNN/eSEEd_v2/2025-12-30_19-58-42,2025-12-30_19-58-42,13.88897376060486,3.1881285905838013,3.1179888,-2.097527259588241,0.04493081,10,24,1,512,True,False
config_0017,recording_loo,./results/SpatioTemporalHeteroGNN/eSEEd_v2/2025-12-30_21-37-07,2025-12-30_21-37-07,13.943857860565185,3.181591296195984,3.1147943,-1.97304465174675,0.032573327,10,8,6,512,False,False
config_0037,recording_loo,./results/SpatioTemporalHeteroGNN/eSEEd_v2/2025-12-30_22-57-54,2025-12-30_22-57-54,13.9674729347229,3.1740916967391968,3.1458843,-2.0992470026016234,0.027633032,5,2,4,128,True,True
config_0004,subject_loo,./results/SpatioTemporalHeteroGNN/eSEEd_v2/2025-12-30_20-24-16,2025-12-30_20-24-16,14.033276081085203,3.236730623245239,3.5145366,-0.9405210077762604,0.07002647,60,19,3,32,True,False
config_0047,recording_loo,./results/SpatioTemporalHeteroGNN/eSEEd_v2/2025-12-30_23-30-16,2025-12-30_23-30-16,14.16965537071228,3.219008135795593,3.123027,-2.197929400205612,0.03203983,10,13,1,512,True,True
config_0011,recording_loo,./results/SpatioTemporalHeteroGNN/eSEEd_v2/2025-12-30_21-09-45,2025-12-30_21-09-45,14.273144912719726,3.2108782052993776,3.1547768,-1.9188458383083344,0.04411101,30,6,3,128,True,False
config_0000,recording_loo,./results/SpatioTemporalHeteroGNN/eSEEd_v2/2025-12-30_19-54-10,2025-12-30_19-54-10,14.341197156906128,3.2171020030975344,3.1450121,-2.174275481700897,0.040231258,5,1,6,128,True,True
config_0013,recording_loo,./results/SpatioTemporalHeteroGNN/eSEEd_v2/2025-12-30_21-16-08,2025-12-30_21-16-08,14.400238800048829,3.251377081871033,3.1894639,-2.664505743980408,-0.0088518495,60,13,3,512,True,False
config_0005,recording_loo,./results/SpatioTemporalHeteroGNN/eSEEd_v2/2025-12-30_20-25-24,2025-12-30_20-25-24,14.565475177764892,3.276295161247253,3.136551,-2.886490172147751,0.017149525,30,9,2,64,False,True
config_0016,recording_loo,./results/SpatioTemporalHeteroGNN/eSEEd_v2/2025-12-30_21-30-46,2025-12-30_21-30-46,14.878277111053468,3.2841957569122315,3.1502235,-3.2398734986782074,0.02862737,60,29,6,256,True,False
config_0036,recording_loo,./results/SpatioTemporalHeteroGNN/eSEEd_v2/2025-12-30_22-54-27,2025-12-30_22-54-27,15.107153606414794,3.328017902374268,3.185713,-2.683074140548706,-0.043588415,60,12,4,256,False,True
config_0025,recording_loo,./results/SpatioTemporalHeteroGNN/eSEEd_v2/2025-12-30_22-14-09,2025-12-30_22-14-09,15.145519065856934,3.3566007375717164,3.1739864,-3.2423157811164858,-0.029622952,60,1,1,128,False,True
config_0043,recording_loo,./results/SpatioTemporalHeteroGNN/eSEEd_v2/2025-12-30_23-18-42,2025-12-30_23-18-42,15.164387035369874,3.3596663951873778,3.1742868,-3.255266386270523,-0.031077266,60,9,4,128,False,False
config_0042,recording_loo,./results/SpatioTemporalHeteroGNN/eSEEd_v2/2025-12-30_23-16-35,2025-12-30_23-16-35,15.330704975128176,3.374318480491638,3.1393816,-3.5802741169929506,-0.011200495,60,29,1,64,False,True
config_0018,recording_loo,./results/SpatioTemporalHeteroGNN/eSEEd_v2/2025-12-30_21-42-44,2025-12-30_21-42-44,15.339019203186036,3.37522234916687,3.139652,-3.5844101548194884,-0.011459517,60,12,2,64,False,True
config_0034,recording_loo,./results/SpatioTemporalHeteroGNN/eSEEd_v2/2025-12-30_22-51-05,2025-12-30_22-51-05,15.344662380218503,3.3759423017501837,3.1397529,-3.588761633634568,-0.011736969,60,7,5,64,False,True
config_0004,recording_loo,./results/SpatioTemporalHeteroGNN/eSEEd_v2/2025-12-30_20-24-16,2025-12-30_20-24-16,15.369464683532716,3.44182767868042,3.0814414,-3.990647977590561,0.0068957508,60,19,3,32,True,False
config_0035,recording_loo,./results/SpatioTemporalHeteroGNN/eSEEd_v2/2025-12-30_22-52-15,2025-12-30_22-52-15,15.496438789367676,3.3720947027206423,3.1784968,-3.451068079471588,-0.034575846,60,26,4,64,True,True
config_0030,recording_loo,./results/SpatioTemporalHeteroGNN/eSEEd_v2/2025-12-30_22-35-20,2025-12-30_22-35-20,15.501947116851806,3.369499087333679,3.1789136,-3.440884333848953,-0.033169426,60,4,2,64,True,False
