signal_set,signal_set_description,experiment_id,experiment_display_name,cv_strategy,model,split,logit_mean_mean,logit_mean_std,logit_std_mean,logit_std_std,logit_min_mean,logit_min_std,logit_max_mean,logit_max_std,logit_range_mean,logit_range_std,prediction_entropy_mean_mean,prediction_entropy_mean_std,prediction_entropy_std_mean,prediction_entropy_std_std,prediction_entropy_min_mean,prediction_entropy_min_std,prediction_entropy_max_mean,prediction_entropy_max_std,graph_embedding_variance_mean,graph_embedding_variance_std,graph_embedding_mean_pairwise_cosine_similarity_mean,graph_embedding_mean_pairwise_cosine_similarity_std,graph_embedding_pair_count_mean,graph_embedding_pair_count_std,temporal_forward_edge_weight_mean_mean,temporal_forward_edge_weight_mean_std,temporal_forward_edge_weight_std_mean,temporal_forward_edge_weight_std_std,temporal_forward_edge_weight_min_mean,temporal_forward_edge_weight_min_std,temporal_forward_edge_weight_max_mean,temporal_forward_edge_weight_max_std,temporal_backward_edge_weight_mean_mean,temporal_backward_edge_weight_mean_std,temporal_backward_edge_weight_std_mean,temporal_backward_edge_weight_std_std,temporal_backward_edge_weight_min_mean,temporal_backward_edge_weight_min_std,temporal_backward_edge_weight_max_mean,temporal_backward_edge_weight_max_std,spatial_edge_weight_mean_mean,spatial_edge_weight_mean_std,spatial_edge_weight_std_mean,spatial_edge_weight_std_std,spatial_edge_weight_min_mean,spatial_edge_weight_min_std,spatial_edge_weight_max_mean,spatial_edge_weight_max_std,fixation_edge_weight_mean_mean,fixation_edge_weight_mean_std,fixation_edge_weight_std_mean,fixation_edge_weight_std_std,fixation_edge_weight_min_mean,fixation_edge_weight_min_std,fixation_edge_weight_max_mean,fixation_edge_weight_max_std,best_epoch_mean,best_epoch_std,best_val_loss_mean,best_val_loss_std,early_stopped_mean,early_stopped_std
all_signals,"Gaze, pupil, screen distance, and fixation-duration nodes with all graph relations.",multiclass_table6_valence_3class,Table-6 Valence,subject_kfold,BasicGCN,test,-0.02928835126970496,0.09333627808067835,0.5919993338840348,0.28292468777957525,-1.588168544428689,0.7054987844509915,1.742811388203076,0.9978864418713073,3.3309799326317653,1.69282078554661,0.5685086378029415,0.07049940973623228,0.11560179632423176,0.06490112614097969,0.2529126932578427,0.21685182752127638,0.6931461777005877,1.4035295317659927e-06,0.4195504401411329,0.05910286541581912,0.33562858189855305,0.05924359897930331,140280.14285714287,49505.29275888446,,,,,,,,,,,,,,,,,,,,,,,,,,,,,,,,,88.0,66.88547425761939,0.5779744131224496,0.06295467765324553,1.0,0.0
all_signals,"Gaze, pupil, screen distance, and fixation-duration nodes with all graph relations.",multiclass_table6_valence_3class,Table-6 Valence,subject_kfold,BasicGCN,train,-0.03879263062429209,0.02798317663579112,0.5446943427835192,0.23979561629194815,-1.7593345386641366,0.7759086541661969,1.872671331678118,1.034745617272603,3.6320058703422546,1.7977966262622493,0.5873626896313259,0.05549175386308672,0.1104431658916707,0.058289508498585454,0.23883429888103686,0.21379646386603723,0.6931471739496503,2.2528438136104744e-08,0.46923504556928364,0.05550841691897188,0.24603942462376183,0.08138227479667662,10000.0,0.0,,,,,,,,,,,,,,,,,,,,,,,,,,,,,,,,,88.0,66.88547425761939,0.5779744131224496,0.06295467765324553,1.0,0.0
all_signals,"Gaze, pupil, screen distance, and fixation-duration nodes with all graph relations.",multiclass_table6_valence_3class,Table-6 Valence,subject_kfold,BasicGCN,val,-0.017373270754303227,0.06448638577236378,0.5940221984471593,0.2983705336685083,-1.4091567482267107,0.6577772195408633,1.6854989379644394,1.0121637400038386,3.09465568619115,1.64596449129125,0.5692588601793561,0.07466693540738273,0.11704902098114998,0.06833929604813735,0.2779981938323804,0.2247211558868977,0.6930835843086243,0.00010352718265477896,0.33378739442144123,0.07174619326926329,0.471100994518825,0.09870055370102593,13064.714285714286,3049.871402441187,,,,,,,,,,,,,,,,,,,,,,,,,,,,,,,,,88.0,66.88547425761939,0.5779744131224496,0.06295467765324553,1.0,0.0
all_signals,"Gaze, pupil, screen distance, and fixation-duration nodes with all graph relations.",multiclass_table6_valence_3class,Table-6 Valence,subject_kfold,HeteroGCNMLP,test,-0.08059402315744328,0.10643511543562179,0.6855415691222463,0.35476303120497693,-1.7899140417575836,0.939151506938474,1.741684466600418,1.0537139897922212,3.5315985083580017,1.9132770317061718,0.5413234276430947,0.0932989758689757,0.12812637605903934,0.07463315731943967,0.2224816578839506,0.24010243942053788,0.6931432655879429,7.532599273185667e-06,0.36010480565684183,0.07416863225695264,0.3885213349546705,0.1152307728607176,140280.14285714287,49505.29275888446,,,,,,,,,,,,,,,,,,,,,,,,,,,,,,,,,64.85714285714286,46.40915344853344,0.5708423384598323,0.06359165367480138,1.0,0.0
all_signals,"Gaze, pupil, screen distance, and fixation-duration nodes with all graph relations.",multiclass_table6_valence_3class,Table-6 Valence,subject_kfold,HeteroGCNMLP,train,-0.04240987197096857,0.09851105178810585,0.6034724180187497,0.2668439363135175,-1.7976363556725639,0.8273188510533612,1.8530328273773193,1.033161846357398,3.650669183049883,1.8283807080019074,0.5716652870178223,0.06869654725598395,0.12009559292346235,0.06634730924499642,0.21297663822770116,0.23295964138926564,0.6931471484048026,4.689668372847242e-08,0.41635628257478985,0.025709468437420235,0.2700898732457842,0.07729876819766676,10000.0,0.0,,,,,,,,,,,,,,,,,,,,,,,,,,,,,,,,,64.85714285714286,46.40915344853344,0.5708423384598323,0.06359165367480138,1.0,0.0
all_signals,"Gaze, pupil, screen distance, and fixation-duration nodes with all graph relations.",multiclass_table6_valence_3class,Table-6 Valence,subject_kfold,HeteroGCNMLP,val,-0.06271288437502723,0.08933282624249857,0.618460584964071,0.28819018712803196,-1.6669447081429618,0.761204948414181,1.5801176577806473,0.9489517027333743,3.247062365923609,1.661280239058205,0.5602853383336749,0.07462155111284867,0.12289844348561015,0.06321293470310857,0.23398222508175026,0.23398378631419292,0.6931313787187848,2.5845228035917925e-05,0.3010209969111851,0.06086795450725602,0.4582286136490958,0.15237987292231917,13064.714285714286,3049.871402441187,,,,,,,,,,,,,,,,,,,,,,,,,,,,,,,,,64.85714285714286,46.40915344853344,0.5708423384598323,0.06359165367480138,1.0,0.0
all_signals,"Gaze, pupil, screen distance, and fixation-duration nodes with all graph relations.",multiclass_table6_valence_3class,Table-6 Valence,subject_kfold,HeteroGCNMLPWeights,test,0.0071538628212043254,0.15351855186528898,0.6649933883122036,0.24756695349636845,-1.6780966520309448,0.7289641207766357,1.629203464303698,0.6788046661465065,3.3073001163346425,1.370973777141991,0.5448010052953448,0.07409972981925617,0.1305927511836801,0.056991564687260056,0.21432845188038688,0.1888131127394591,0.6931447642190116,3.049338741174421e-06,0.3522390808377947,0.06700706530672816,0.40926275082996916,0.1277825864684043,140280.14285714287,49505.29275888446,-0.13341114350727626,1.0604322898547522,0.06602457332025678,0.12766862726387718,-0.14285714285714285,1.0690449676496976,0.9999999744551522,4.689668371671351e-08,-0.13419890403747553,1.0611188945313415,0.06694157661071841,0.12022644410920202,-0.14285714285714285,1.0690449676496976,0.9999999914850507,2.2528438142224272e-08,-0.09768596717289516,0.7226432598951106,0.2827193098408835,0.0035005514977526917,-0.5213781094976834,0.5971735418069432,0.8393667680876595,0.4249955839326171,0.02420504391193388,0.18074344141281926,0.02511125989258284,0.0022233031903747765,-0.37102811091712545,0.5891185559161434,0.7056653834879398,0.413495145150241,64.42857142857143,39.22948356724035,0.5700460459504809,0.06271081532095903,1.0,0.0
all_signals,"Gaze, pupil, screen distance, and fixation-duration nodes with all graph relations.",multiclass_table6_valence_3class,Table-6 Valence,subject_kfold,HeteroGCNMLPWeights,train,0.017632912245712097,0.15225090888791218,0.6038938973631177,0.19680894344135452,-1.8133366448538644,0.7102656076747341,1.726712669645037,0.6591801271528178,3.5400493144989014,1.317619298016991,0.5710055828094482,0.05428881179132873,0.12336901122970234,0.05308552594926635,0.1927954176706927,0.18251948117136835,0.6931471824645996,0.0,0.4202356125627245,0.024058446835404836,0.2664224335125514,0.07896006463697681,10000.0,0.0,-0.13799606050763813,1.0645386503235068,0.055949049742546456,0.08692149639829475,-0.14285715137209212,1.0690449570296903,0.9999999829701015,2.9084088598778647e-08,-0.139115571975708,1.0655646394998002,0.0521163051681859,0.07410252300299229,-0.14285714285714285,1.0690449676496976,0.9999999914850507,2.2528438142224272e-08,-0.09619514431272234,0.7228470461425042,0.28313779830932617,0.003402879633343905,-0.5286728686520031,0.5879439660670549,0.8414505805288043,0.4194823344344459,0.024190572755677354,0.18068718192568556,0.02515647453921176,0.0016099550469601542,-0.4041002318263054,0.5641175736094062,0.8502900254513536,0.3960953614415276,64.42857142857143,39.22948356724035,0.5700460459504809,0.06271081532095903,1.0,0.0
all_signals,"Gaze, pupil, screen distance, and fixation-duration nodes with all graph relations.",multiclass_table6_valence_3class,Table-6 Valence,subject_kfold,HeteroGCNMLPWeights,val,0.016459316547427844,0.16742210918012868,0.6368017303092139,0.2530980521760309,-1.5257606250899178,0.6896699932095873,1.5182853170803614,0.5424305077395645,3.0440459421702792,1.1649116871081193,0.5527874614511218,0.07384042970022166,0.12452102505734984,0.0579555941878964,0.23767823938812524,0.19525727411526797,0.693136181150164,1.922533494699793e-05,0.318233106817518,0.0699444442844158,0.4516004366534097,0.12511516391813354,13064.714285714286,3049.871402441187,-0.13280391693115232,1.0597495290262724,0.07818273217692095,0.12605144893773051,-0.14285714285714285,1.0690449676496976,0.7142857483455113,0.7559288296215244,-0.13302132061549596,1.0599647754591013,0.0781889317025031,0.1239558648447426,-0.14285714285714285,1.0690449676496976,0.9999999829701015,2.9084088598778647e-08,-0.09054076671600342,0.7210906887711206,0.28398122106279644,0.006335558023980692,-0.5121601607118335,0.6086209483279281,0.836785369685718,0.4318251381567035,0.024179198912211826,0.18132953996759008,0.02761437105281007,0.0051869107629106525,-0.35986621997186113,0.5993295867924096,0.7184778422649417,0.40399948604380204,64.42857142857143,39.22948356724035,0.5700460459504809,0.06271081532095903,1.0,0.0
all_signals,"Gaze, pupil, screen distance, and fixation-duration nodes with all graph relations.",multiclass_table6_valence_3class,Table-6 Valence,subject_kfold,HeteroGCNMean,test,0.001773084580366115,0.0654596686991074,0.6588374972343445,0.3404457528682516,-1.8752163733754839,1.0139281181185653,1.8034217698233468,1.0794091425461825,3.678638143198831,2.031640025283623,0.5538990923336574,0.08252639677587785,0.12748051361579976,0.06899229360369102,0.2090362515300512,0.22913043946674208,0.6931435976709638,7.4846307068399014e-06,0.3886647373437881,0.08244032325944121,0.36396847452436176,0.14224918595843922,140280.14285714287,49505.29275888446,,,,,,,,,,,,,,,,,,,,,,,,,,,,,,,,,97.14285714285714,83.17537410281277,0.568311985049929,0.0639877425101394,1.0,0.0
all_signals,"Gaze, pupil, screen distance, and fixation-duration nodes with all graph relations.",multiclass_table6_valence_3class,Table-6 Valence,subject_kfold,HeteroGCNMean,train,0.0090742616614859,0.06611056289621094,0.5807546930653709,0.25657201601077245,-1.9997114155973708,0.9982573165601486,1.9287291424615043,1.0080007079298299,3.928440558058875,1.956051811170601,0.5795701486723763,0.060004780239543254,0.11933959495010116,0.060503368275452774,0.1819299454135554,0.22202279317689727,0.6931471824645996,0.0,0.4532633764403207,0.05706430548089809,0.2454903210912432,0.11038168883224697,10000.0,0.0,,,,,,,,,,,,,,,,,,,,,,,,,,,,,,,,,97.14285714285714,83.17537410281277,0.568311985049929,0.0639877425101394,1.0,0.0
all_signals,"Gaze, pupil, screen distance, and fixation-duration nodes with all graph relations.",multiclass_table6_valence_3class,Table-6 Valence,subject_kfold,HeteroGCNMean,val,0.02193806160773547,0.07669582491922655,0.6199397082839694,0.3186033869267285,-1.665129474231175,0.9177013603643215,1.645711213350296,0.8749440235965639,3.310840687581471,1.753177904664228,0.5634254600320544,0.07944902598216905,0.12465806746123621,0.06771660935724397,0.23333429172635076,0.23153852629254842,0.693068972655705,0.0001272360115941115,0.3279405789715903,0.08395375164509401,0.46151213135038105,0.14169539240549922,13064.714285714286,3049.871402441187,,,,,,,,,,,,,,,,,,,,,,,,,,,,,,,,,97.14285714285714,83.17537410281277,0.568311985049929,0.0639877425101394,1.0,0.0
gaze_only,Gaze x/y nodes with temporal and spatial graph relations.,multiclass_table6_valence_3class,Table-6 Valence,subject_kfold,BasicGCN,test,0.1757299580744334,0.05746976616721034,0.4959894652877535,0.21151866228719135,-1.7314186607088362,0.7713533047941656,1.8480270419801985,0.8650454010833705,3.5794457026890347,1.6080439639681354,0.6065804021699088,0.05366024257331003,0.09509410895407197,0.05163117047961033,0.2161468235509736,0.18311689416272112,0.6931465182985578,1.2594451433745117e-06,0.2858035159962517,0.07464966306965116,0.34541267582348417,0.13685105899788838,143494.2857142857,49497.281365459145,,,,,,,,,,,,,,,,,,,,,,,,,,,,,,,,,158.71428571428572,116.52855770970805,0.5910951665469578,0.04933211386657435,0.8571428571428571,0.37796447300922725
gaze_only,Gaze x/y nodes with temporal and spatial graph relations.,multiclass_table6_valence_3class,Table-6 Valence,subject_kfold,BasicGCN,train,0.17091365690742216,0.04767884549845017,0.5045868243489947,0.2041671525621166,-1.9252078703471593,0.8996652336279343,2.0236320751053944,0.8969802491264757,3.948839945452554,1.7620296824028727,0.6053911021777562,0.050449534678316275,0.09782135220510615,0.050323036087604654,0.18027964979410166,0.1715688422257139,0.6931471654347011,4.505687629528885e-08,0.29121427876608713,0.0666362023525943,0.32869015208312435,0.1259272635278784,10000.0,0.0,,,,,,,,,,,,,,,,,,,,,,,,,,,,,,,,,158.71428571428572,116.52855770970805,0.5910951665469578,0.04933211386657435,0.8571428571428571,0.37796447300922725
gaze_only,Gaze x/y nodes with temporal and spatial graph relations.,multiclass_table6_valence_3class,Table-6 Valence,subject_kfold,BasicGCN,val,0.16154959159237994,0.05231809627512702,0.48402186589581625,0.19433648162728073,-1.4904404708317347,0.60415696802206,1.5606049299240112,0.6020995660093262,3.051045400755746,1.2016214466377033,0.6085458312715802,0.05018202096514699,0.0932327934673854,0.05000457010959876,0.2724694960883685,0.18388809451418936,0.6931198835372925,4.0811107746799316e-05,0.2782154423849923,0.08019461167654096,0.3526546571935926,0.13592561201206177,13231.42857142857,3123.5757211430437,,,,,,,,,,,,,,,,,,,,,,,,,,,,,,,,,158.71428571428572,116.52855770970805,0.5910951665469578,0.04933211386657435,0.8571428571428571,0.37796447300922725
gaze_only,Gaze x/y nodes with temporal and spatial graph relations.,multiclass_table6_valence_3class,Table-6 Valence,subject_kfold,HeteroGCNMLP,test,-0.0001877602522394576,0.06828095412809912,0.5661556550434658,0.1855578893984877,-1.9320470605577742,0.7027493011080118,2.001193846975054,0.8381685650662744,3.933240907532828,1.3964642658570618,0.5829674686704364,0.05098340557979863,0.11536958920104158,0.045829024631574386,0.14512369568858824,0.11246339833974602,0.6931465608733041,1.1266471694360289e-06,0.29056418580668314,0.04673171855583777,0.30702357632773264,0.09803209972600667,143494.2857142857,49497.281365459145,,,,,,,,,,,,,,,,,,,,,,,,,,,,,,,,,134.14285714285714,85.16342832348592,0.5822631333555494,0.07915563763414259,1.0,0.0
gaze_only,Gaze x/y nodes with temporal and spatial graph relations.,multiclass_table6_valence_3class,Table-6 Valence,subject_kfold,HeteroGCNMLP,train,-0.002875062204631327,0.06491525915382358,0.5737309881619045,0.17387890541698228,-2.0293285846710205,0.6675598751066929,2.2981109619140625,0.8896295960983411,4.327439546585083,1.3762043142240137,0.581204388822828,0.047387732110100646,0.11637456768325394,0.04233458416386775,0.11218975085232934,0.09830967181121535,0.6931471484048026,9.01137526244391e-08,0.2966034199510302,0.03883162816764793,0.29688029416969847,0.06894152264881853,10000.0,0.0,,,,,,,,,,,,,,,,,,,,,,,,,,,,,,,,,134.14285714285714,85.16342832348592,0.5822631333555494,0.07915563763414259,1.0,0.0
gaze_only,Gaze x/y nodes with temporal and spatial graph relations.,multiclass_table6_valence_3class,Table-6 Valence,subject_kfold,HeteroGCNMLP,val,-0.010113827518320516,0.055572387666998714,0.5579930969646999,0.18680921762750852,-1.6581239870616369,0.6690340234705497,1.7198969381196159,0.6283380117182771,3.3780209251812527,1.2544158728455055,0.583407495703016,0.05253243174658491,0.11132471635937688,0.04355516631417199,0.2087021741483892,0.14734753028881456,0.6931450366973877,1.8611544365830693e-06,0.2793593619550977,0.05131720552840499,0.31689451634883875,0.10375490965550228,13231.42857142857,3123.5757211430437,,,,,,,,,,,,,,,,,,,,,,,,,,,,,,,,,134.14285714285714,85.16342832348592,0.5822631333555494,0.07915563763414259,1.0,0.0
gaze_only,Gaze x/y nodes with temporal and spatial graph relations.,multiclass_table6_valence_3class,Table-6 Valence,subject_kfold,HeteroGCNMLPWeights,test,-0.017335353685276843,0.0985053472485497,0.5078299684183938,0.21089828680516767,-1.7682314770562308,1.0410960517809174,1.5274710740361894,0.6996995037966685,3.2957025510924205,1.6817984445429712,0.5957526224000114,0.05925955354293822,0.09785581114036691,0.05058388133903434,0.23538086377084252,0.19253444655396407,0.693146390574319,1.762361381633095e-06,0.26415560500962393,0.04047627059573708,0.37787593688283644,0.1097718980737763,143494.2857142857,49497.281365459145,-0.14246784789221628,1.06868118687558,0.012433611771449542,0.026959492417738675,-0.14285715137209212,1.0690449384446776,0.4285713689667838,0.9759000322308211,-0.14221814700535365,1.0684482540401448,0.01625609371411025,0.034345864523548084,-0.14285715137209212,1.0690449384446776,0.4285713774817331,0.9759000380476356,-0.09497346196855817,0.7239775415395313,0.2833812023912157,0.005616000126861513,-0.8371312192508152,0.43091029019864685,0.6786423793860844,0.5488225795329268,,,,,,,,,124.85714285714286,92.49041134342625,0.5883833936282566,0.05604794997083322,1.0,0.0
gaze_only,Gaze x/y nodes with temporal and spatial graph relations.,multiclass_table6_valence_3class,Table-6 Valence,subject_kfold,HeteroGCNMLPWeights,train,-0.014283983036875728,0.09837284841161437,0.5175526354994092,0.20889774570841244,-1.9850776110376631,1.0821490509470952,1.7161512204578944,0.8002521162724261,3.7012288314955577,1.829147044687843,0.5940485085759845,0.05785140143521243,0.1014323830604553,0.05137189135799872,0.20040284789034296,0.1856908404068716,0.6931471058300563,8.91701271006963e-08,0.27378066735608236,0.038935004819126415,0.3656063292707716,0.09467222986051588,10000.0,0.0,-0.14239955799920218,1.068617489146128,0.012861242175982609,0.02954745639617802,-0.14285715137209212,1.0690449384446776,0.4285713774817331,0.9759000380476356,-0.14226271424974715,1.06848974174946,0.016058391891672474,0.03291894854415632,-0.14285715137209212,1.0690449384446776,0.4285713774817331,0.9759000380476356,-0.09631442172186715,0.7237172047370037,0.2836579084396362,0.006108376109457869,-0.8412868146385465,0.41991561825330287,0.6826831315244947,0.5419217294077897,,,,,,,,,124.85714285714286,92.49041134342625,0.5883833936282566,0.05604794997083322,1.0,0.0
gaze_only,Gaze x/y nodes with temporal and spatial graph relations.,multiclass_table6_valence_3class,Table-6 Valence,subject_kfold,HeteroGCNMLPWeights,val,-0.013867571151682318,0.10075071424300217,0.5089491307735443,0.20985861508036635,-1.4795463255473547,0.7544345739515663,1.359866006033761,0.5388074421372094,2.8394123315811157,1.2579945346592079,0.5941879834447589,0.060309050783726816,0.09738962032965247,0.05269951416251742,0.283060182418142,0.1927239411109486,0.6931100743157523,7.56527818898292e-05,0.2580900958606175,0.048399681793921207,0.38589099049568176,0.11743480457221546,13231.42857142857,3123.5757211430437,-0.1394125989505223,1.065856728954043,0.032680601813061524,0.08182174704344564,-0.14285714285714285,1.0690449490646847,0.4285713774817331,0.9759000380476356,-0.1387018816811698,1.0652065880838997,0.03725621822845985,0.08909294573721883,-0.14285715137209212,1.0690449384446776,0.4285713774817331,0.9759000380476356,-0.10100320407322474,0.7198240892490033,0.2851379002843584,0.008474474895610902,-0.8367923051118851,0.4318069727260598,0.6704159144844327,0.5629158108242577,,,,,,,,,124.85714285714286,92.49041134342625,0.5883833936282566,0.05604794997083322,1.0,0.0
gaze_only,Gaze x/y nodes with temporal and spatial graph relations.,multiclass_table6_valence_3class,Table-6 Valence,subject_kfold,HeteroGCNMean,test,-0.0162907848134637,0.10764445161699747,0.35688244232109617,0.2190691785380634,-1.3877317309379578,0.9137822477455556,1.0954309893505914,0.819116602172753,2.4831627202885493,1.717895355930033,0.6342973027910505,0.04697750385633898,0.06630827360121261,0.051521698814926783,0.3537926764360496,0.2437861400257484,0.6931467226573399,7.257048357776864e-07,0.2581023850611278,0.08109774562771332,0.4352959075144359,0.18609637113400868,143494.2857142857,49497.281365459145,,,,,,,,,,,,,,,,,,,,,,,,,,,,,,,,,91.42857142857143,85.764905687694,0.6145759395190648,0.06324789810728551,1.0,0.0
gaze_only,Gaze x/y nodes with temporal and spatial graph relations.,multiclass_table6_valence_3class,Table-6 Valence,subject_kfold,HeteroGCNMean,train,-0.0207108309758561,0.1091560851089695,0.3592684343457222,0.21974244863061929,-1.4408072722809655,0.921482962852346,1.18408964574337,0.8168421997387376,2.624896918024336,1.7225831345288645,0.6331739851406643,0.047154114289378254,0.06777641646164864,0.05146764562239241,0.3294686914554664,0.24761387060407786,0.6931471824645996,0.0,0.26086714225155966,0.07716741753587504,0.4253768878323691,0.18314362677134,10000.0,0.0,,,,,,,,,,,,,,,,,,,,,,,,,,,,,,,,,91.42857142857143,85.764905687694,0.6145759395190648,0.06324789810728551,1.0,0.0
gaze_only,Gaze x/y nodes with temporal and spatial graph relations.,multiclass_table6_valence_3class,Table-6 Valence,subject_kfold,HeteroGCNMean,val,-0.021355197897979166,0.11302599263313211,0.34038685208984776,0.20882883557093074,-1.2073116536651338,0.7768054008102717,0.9147137062890189,0.6778324765282784,2.122025359954153,1.4287565935064959,0.6391105396406991,0.0437180687994511,0.06310904949038684,0.04927292238440741,0.3937236634748323,0.21895271004567496,0.6931389570236206,1.827466485253967e-05,0.24652091307299479,0.08277540755466661,0.44225853255816866,0.19033839615349324,13231.42857142857,3123.5757211430437,,,,,,,,,,,,,,,,,,,,,,,,,,,,,,,,,91.42857142857143,85.764905687694,0.6145759395190648,0.06324789810728551,1.0,0.0
gaze_pupil,Gaze x/y plus pupil nodes with temporal and spatial graph relations.,multiclass_table6_valence_3class,Table-6 Valence,subject_kfold,BasicGCN,test,0.07647774953927307,0.030669599363324283,0.6118082276412419,0.14443568576432386,-1.6046903133392334,0.40114802122296905,1.718553968838283,0.4658750587668623,3.3232442821775163,0.8609940542171207,0.5683443120547703,0.0423044284463147,0.1253333836793899,0.03564784318270504,0.18574877615485866,0.12131544658248865,0.6931455390793937,3.0704313522387626e-06,0.38161589418138775,0.05749054272338108,0.304640776344708,0.07535271818202154,141301.42857142858,50055.916376445595,,,,,,,,,,,,,,,,,,,,,,,,,,,,,,,,,110.42857142857143,45.280080767217214,0.55355333004679,0.054479535201150404,1.0,0.0
gaze_pupil,Gaze x/y plus pupil nodes with temporal and spatial graph relations.,multiclass_table6_valence_3class,Table-6 Valence,subject_kfold,BasicGCN,train,0.0774283579417637,0.025211356626343825,0.6053443636213031,0.08666072099192898,-1.7486574138913835,0.3808136027327094,2.0082907676696777,0.32878061688808197,3.7569481815610613,0.6999556912098629,0.5728115013667515,0.022087826962068954,0.12875972794634952,0.025253334050460447,0.1272630499941962,0.07172280653273205,0.6931471654347011,2.9084088589298314e-08,0.4285990808691297,0.028128118620101162,0.2066932107721056,0.030754984439316485,10000.0,0.0,,,,,,,,,,,,,,,,,,,,,,,,,,,,,,,,,110.42857142857143,45.280080767217214,0.55355333004679,0.054479535201150404,1.0,0.0
gaze_pupil,Gaze x/y plus pupil nodes with temporal and spatial graph relations.,multiclass_table6_valence_3class,Table-6 Valence,subject_kfold,BasicGCN,val,0.09322224770273478,0.02619399107122823,0.6101416775158474,0.12961173471839926,-1.4157022493226188,0.3400480059755484,1.682529159954616,0.38511049437426487,3.098231409277235,0.7094602280429824,0.5695838076727731,0.03619754535269917,0.12859595141240523,0.03513030778049554,0.20590995145695548,0.10700298233635024,0.693134435585567,2.15704707224515e-05,0.36140022959027973,0.04498491361348511,0.3176839862551008,0.05608721408192237,13205.42857142857,3090.935449403781,,,,,,,,,,,,,,,,,,,,,,,,,,,,,,,,,110.42857142857143,45.280080767217214,0.55355333004679,0.054479535201150404,1.0,0.0
gaze_pupil,Gaze x/y plus pupil nodes with temporal and spatial graph relations.,multiclass_table6_valence_3class,Table-6 Valence,subject_kfold,HeteroGCNMLP,test,0.015254506475425185,0.07728841716014322,0.6224303799016135,0.20002547902767404,-1.6294144902910506,0.3775733929445336,1.6039465836116247,0.5233199677241716,3.233361073902675,0.8606551289709714,0.5639406272343227,0.06018326283650796,0.12298579088279174,0.04534486275180637,0.2133281486374991,0.09974976687795926,0.6931453091757638,3.246102215650324e-06,0.34440974252564566,0.09276693026716049,0.41228604103837696,0.12522752622837766,141301.42857142858,50055.916376445595,,,,,,,,,,,,,,,,,,,,,,,,,,,,,,,,,79.0,58.79342366852492,0.5513478772980827,0.06322489170414511,1.0,0.0
gaze_pupil,Gaze x/y plus pupil nodes with temporal and spatial graph relations.,multiclass_table6_valence_3class,Table-6 Valence,subject_kfold,HeteroGCNMLP,train,0.0098217898713691,0.0639578978432181,0.6044503152370453,0.1347434875587004,-1.9290145465305872,0.528621929634639,1.896651302065168,0.47456569343639443,3.8256658485957553,0.9713698045449187,0.573745174067361,0.03800578983775782,0.12279813736677167,0.033771036480683886,0.1530234100563185,0.0907941893643694,0.6931471228599548,9.104759882542962e-08,0.3914858911718641,0.0644539202637738,0.2986438955579485,0.10360114072018196,10000.0,0.0,,,,,,,,,,,,,,,,,,,,,,,,,,,,,,,,,79.0,58.79342366852492,0.5513478772980827,0.06322489170414511,1.0,0.0
gaze_pupil,Gaze x/y plus pupil nodes with temporal and spatial graph relations.,multiclass_table6_valence_3class,Table-6 Valence,subject_kfold,HeteroGCNMLP,val,0.020702324807643873,0.1091464121236903,0.5948958780084338,0.1523907517237661,-1.4878522327968053,0.3787060967067244,1.6086177740778242,0.42915392718300216,3.0964700068746294,0.7702335056728349,0.5729858747550419,0.046695244223619835,0.11697989063603531,0.0361806070478767,0.24643210428101675,0.11789121860166253,0.6931325537817818,1.875324350946037e-05,0.31348189285823275,0.058421873291015405,0.4269984321934836,0.11130054679935346,13205.42857142857,3090.935449403781,,,,,,,,,,,,,,,,,,,,,,,,,,,,,,,,,79.0,58.79342366852492,0.5513478772980827,0.06322489170414511,1.0,0.0
gaze_pupil,Gaze x/y plus pupil nodes with temporal and spatial graph relations.,multiclass_table6_valence_3class,Table-6 Valence,subject_kfold,HeteroGCNMLPWeights,test,-0.011053134554198816,0.07634745712087378,0.5651559020791735,0.18469826751496035,-1.7076509169169836,0.8813289762928805,1.669394084385463,0.6784534621135919,3.3770450013024464,1.545243040284902,0.5824871276106153,0.04847147366719362,0.11334640852042603,0.04248275887832398,0.21044262445398737,0.13508804264736718,0.6931462287902832,1.2521705036639725e-06,0.3357807397842407,0.055523903527633915,0.3595371033464159,0.10827782721352833,141301.42857142858,50055.916376445595,-0.7142237509999957,0.7559016400614349,0.004207134111968709,0.011131004725675247,-0.7142857313156128,0.7559289009615782,-0.42857142857142855,0.9759000729485331,-0.7142300520624433,0.7559044152323134,0.003987523064780963,0.010549970548505778,-0.7142857568604606,0.7559288333762637,-0.42857142857142855,0.9759000729485331,-0.09335380792617798,0.7239378595414674,0.28400828582899906,0.007408154040222848,-0.8369417914322445,0.4314113113989239,0.9999999063355582,2.0023713818741426e-07,,,,,,,,,77.0,53.31666406168588,0.5404173348631177,0.077182956809204,1.0,0.0
gaze_pupil,Gaze x/y plus pupil nodes with temporal and spatial graph relations.,multiclass_table6_valence_3class,Table-6 Valence,subject_kfold,HeteroGCNMLPWeights,train,-0.008550911210477345,0.0907906915766737,0.5732196526868003,0.13835728262029334,-1.76206716469356,0.687952255362037,1.8384913546698434,0.5887021188686286,3.6005585193634033,1.192176131982083,0.5794805458613804,0.03806073070264565,0.11679537275007788,0.035502390955051054,0.17434707736330374,0.1218466611347383,0.6931471484048026,5.816817720387752e-08,0.37967133096286226,0.04131466584127669,0.2742546967097691,0.06616912261857608,10000.0,0.0,-0.7141338501657758,0.7558615060873903,0.006823164593827486,0.01734180263874357,-0.9999995146478925,1.2841209746354526e-06,-0.42857142857142855,0.9759000729485331,-0.7141449706895011,0.7558646085896192,0.006824275046320885,0.016657390260050215,-0.9999999829701015,4.5056876301000415e-08,-0.42857142857142855,0.9759000729485331,-0.0957939624786377,0.723538989439868,0.2841828039714268,0.007725563640400655,-0.8418611894760814,0.41839580757479417,0.9999999318804059,1.3517062891162687e-07,,,,,,,,,77.0,53.31666406168588,0.5404173348631177,0.077182956809204,1.0,0.0
gaze_pupil,Gaze x/y plus pupil nodes with temporal and spatial graph relations.,multiclass_table6_valence_3class,Table-6 Valence,subject_kfold,HeteroGCNMLPWeights,val,-0.004147123678454302,0.09040841469589586,0.5712532145636422,0.1811089995650037,-1.459585223879133,0.6279950457921413,1.4231598121779305,0.6150799326040179,2.8827450360570634,1.1550356614367343,0.5782667739050729,0.05145046228312893,0.11356658062764573,0.042611008477539035,0.2611237205564975,0.1400477653218575,0.69313816513334,1.26700518333891e-05,0.30587883080754963,0.05951161512004825,0.3997024680886949,0.09903272035074849,13205.42857142857,3090.935449403781,-0.7142249771526882,0.7559021800666733,0.0041653818065684875,0.011020538663293743,-0.7142857398305621,0.7559288784331399,-0.42857142857142855,0.9759000729485331,-0.7142084070614406,0.7558948836405126,0.004699048347410841,0.012432489833170602,-0.7142857313156128,0.7559289009615782,-0.42857142857142855,0.9759000729485331,-0.09942368950162615,0.719089363645077,0.2876036635466984,0.010624155978731769,-0.6938899321747678,0.5236303281963585,0.8552356361012373,0.3830103478815388,,,,,,,,,77.0,53.31666406168588,0.5404173348631177,0.077182956809204,1.0,0.0
gaze_pupil,Gaze x/y plus pupil nodes with temporal and spatial graph relations.,multiclass_table6_valence_3class,Table-6 Valence,subject_kfold,HeteroGCNMean,test,-0.04436593735590572,0.10005254452015849,0.6078360698052815,0.28459005432087575,-1.9016478487423487,1.0731817759471285,1.653108503137316,0.8405741807019044,3.5547563518796648,1.9013602475462508,0.5713694606508527,0.07119646880644408,0.11994499799662399,0.06624631327989974,0.22346258150147538,0.22893891605004946,0.6931465182985578,6.98865897322865e-07,0.36791496617453434,0.06750656276974108,0.33049742025988443,0.12737324568389718,141301.42857142858,50055.916376445595,,,,,,,,,,,,,,,,,,,,,,,,,,,,,,,,,105.42857142857143,70.60891620481826,0.5521838665008545,0.06633140343196699,1.0,0.0
gaze_pupil,Gaze x/y plus pupil nodes with temporal and spatial graph relations.,multiclass_table6_valence_3class,Table-6 Valence,subject_kfold,HeteroGCNMean,train,-0.04824174395097151,0.11555799128360396,0.5621944516897202,0.2134617128029347,-1.9940878237996782,0.9847845962726176,1.8300191717488425,0.8111484590053442,3.824106995548521,1.7589403673897885,0.585314793246133,0.054212814210645374,0.11508917123345387,0.05661610392186932,0.18454807198473383,0.22493228067185664,0.6931470121656146,3.499771899560859e-07,0.407235039131982,0.041547676772388846,0.2441742760794503,0.07364720844561896,10000.0,0.0,,,,,,,,,,,,,,,,,,,,,,,,,,,,,,,,,105.42857142857143,70.60891620481826,0.5521838665008545,0.06633140343196699,1.0,0.0
gaze_pupil,Gaze x/y plus pupil nodes with temporal and spatial graph relations.,multiclass_table6_valence_3class,Table-6 Valence,subject_kfold,HeteroGCNMean,val,-0.021502725447395003,0.1324168164480338,0.5649540594645909,0.24613169802596757,-1.4995633235999517,0.8806811343757949,1.4871813144002641,0.705970707036012,2.9867446380002156,1.5502738215556253,0.5814556649753025,0.060845355123155864,0.11263056804559057,0.05711572497992448,0.2663543101932321,0.20520643678820255,0.693130373954773,2.5469369964220923e-05,0.33126170720372883,0.05379188189688778,0.3711265027523041,0.08711130541639489,13205.42857142857,3090.935449403781,,,,,,,,,,,,,,,,,,,,,,,,,,,,,,,,,105.42857142857143,70.60891620481826,0.5521838665008545,0.06633140343196699,1.0,0.0
pupil_only,Pupil left/right nodes with temporal graph relations only.,multiclass_table6_valence_3class,Table-6 Valence,subject_kfold,BasicGCN,test,0.12321355406727107,0.020489137481234092,0.29730433225631714,0.0556231419221136,-0.7110692986420223,0.2146025676454659,0.6906364985874721,0.18687729969422312,1.4017057972294944,0.4010152287922386,0.6532289981842041,0.013013894732520707,0.04021276413862191,0.01632864722155408,0.5022004544734955,0.08779960547413553,0.6931463990892682,6.451162925709727e-07,0.25805422663688654,0.0601489514536927,0.5694849874292102,0.08741995470573093,141779.0,49751.53076706953,,,,,,,,,,,,,,,,,,,,,,,,,,,,,,,,,16.142857142857142,25.478282068123377,0.6346097247941154,0.04094823552400518,1.0,0.0
pupil_only,Pupil left/right nodes with temporal graph relations only.,multiclass_table6_valence_3class,Table-6 Valence,subject_kfold,BasicGCN,train,0.12385780044964377,0.009441091110264322,0.2917832349027906,0.03542923410589369,-0.7724177326474871,0.27646774360128995,0.7407067928995404,0.22023427731381498,1.5131245255470276,0.4953813258791284,0.6556566783360073,0.007361803137104683,0.0417484720902783,0.012841023945112178,0.4874368735722133,0.10736881232643111,0.6931471484048026,5.81681771666785e-08,0.33016467094421387,0.0075066394998794675,0.4512883041586195,0.016213856730438018,10000.0,0.0,,,,,,,,,,,,,,,,,,,,,,,,,,,,,,,,,16.142857142857142,25.478282068123377,0.6346097247941154,0.04094823552400518,1.0,0.0
pupil_only,Pupil left/right nodes with temporal graph relations only.,multiclass_table6_valence_3class,Table-6 Valence,subject_kfold,BasicGCN,val,0.12275493038552145,0.013885758258103969,0.2961358428001404,0.06682705456416513,-0.6581340261868068,0.22090728808938184,0.6681747777121407,0.16919494062341575,1.3263088038989477,0.3807758972425087,0.653791104044233,0.015761098404380017,0.03975208901933254,0.023887539840545657,0.5185970962047577,0.08386036178715907,0.6930718336786542,0.00013610863186553482,0.2349350388560976,0.058263004816603126,0.6040763131209782,0.10620808875386363,13231.42857142857,3123.5757211430437,,,,,,,,,,,,,,,,,,,,,,,,,,,,,,,,,16.142857142857142,25.478282068123377,0.6346097247941154,0.04094823552400518,1.0,0.0
pupil_only,Pupil left/right nodes with temporal graph relations only.,multiclass_table6_valence_3class,Table-6 Valence,subject_kfold,HeteroGCNMLP,test,0.018457165254013856,0.15382412397444972,0.3076087896312986,0.0593644349113519,-0.7130976404462542,0.14149823799539565,0.8277657457760402,0.40812939130697384,1.5408633862222945,0.46958752644548535,0.65157208272389,0.015543616660129387,0.04142081577863007,0.02289619241457126,0.4845606344086783,0.11600275471303226,0.6931462798799787,1.8616088754737277e-06,0.24969849416187825,0.04899618137855095,0.6361872213227409,0.07171238096680693,141779.0,49751.53076706953,,,,,,,,,,,,,,,,,,,,,,,,,,,,,,,,,30.714285714285715,31.06291618481372,0.6333461063248771,0.04005721394913045,1.0,0.0
pupil_only,Pupil left/right nodes with temporal graph relations only.,multiclass_table6_valence_3class,Table-6 Valence,subject_kfold,HeteroGCNMLP,train,0.03715832524799876,0.14276340559578793,0.29991294869354795,0.06446486446636378,-0.7973971366882324,0.20405802216072724,0.9147844570023673,0.4012396340312714,1.7121815936905997,0.5337646828089442,0.6542307138442993,0.014234052082179545,0.047366075483815974,0.021218890323029357,0.4485702003751482,0.13281175313762167,0.693146927016122,4.6896683720535156e-07,0.3248651708875383,0.03496064998725518,0.5376212809767041,0.04385273759441945,10000.0,0.0,,,,,,,,,,,,,,,,,,,,,,,,,,,,,,,,,30.714285714285715,31.06291618481372,0.6333461063248771,0.04005721394913045,1.0,0.0
pupil_only,Pupil left/right nodes with temporal graph relations only.,multiclass_table6_valence_3class,Table-6 Valence,subject_kfold,HeteroGCNMLP,val,0.05551654579383985,0.136473657572819,0.2883545117718832,0.10798605410223118,-0.6253594756126404,0.20539343157821477,0.731311844927924,0.3676749097766097,1.3566713205405645,0.5141898839408499,0.6539456503731864,0.024650190250271993,0.0402358271447675,0.02834126924331952,0.5093047874314445,0.10835965913847435,0.6931247455733163,2.903824793536063e-05,0.21898271782057618,0.062250399116464725,0.6895315136228289,0.08045625930772672,13231.42857142857,3123.5757211430437,,,,,,,,,,,,,,,,,,,,,,,,,,,,,,,,,30.714285714285715,31.06291618481372,0.6333461063248771,0.04005721394913045,1.0,0.0
pupil_only,Pupil left/right nodes with temporal graph relations only.,multiclass_table6_valence_3class,Table-6 Valence,subject_kfold,HeteroGCNMLPWeights,test,0.09312492056882803,0.08461898717478883,0.28812221544129507,0.06342323787876743,-0.5279840273516518,0.2574147328367127,0.7998467300619397,0.3077905282961209,1.3278307574135917,0.5174387331059411,0.6554663692201886,0.014057504386339195,0.035097984597086844,0.01847395257574789,0.5122774541378021,0.10802266180722342,0.693144074508122,6.4844474056782235e-06,0.24377419267381942,0.05719511438304635,0.6434945975031171,0.10946229835329664,141779.0,49751.53076706953,0.4285375986780439,0.975372405516504,0.01937129845563081,0.025013290689682808,-0.42857142857142855,0.9759000322308101,0.7142857228006635,0.7559289234900163,0.42836919852665495,0.9755444157515913,0.02027170411127645,0.020415608794589438,-0.4285714200564793,0.975900046772854,0.7142857228006635,0.7559289234900163,,,,,,,,,,,,,,,,,24.571428571428573,32.464632770946004,0.6354918990816388,0.038320036458968365,1.0,0.0
pupil_only,Pupil left/right nodes with temporal graph relations only.,multiclass_table6_valence_3class,Table-6 Valence,subject_kfold,HeteroGCNMLPWeights,train,0.08965773694217202,0.10739618016379804,0.2947583283696856,0.067938650342475,-0.5998518339225224,0.2369437969030538,0.8983786446707589,0.30604763313944233,1.4982304785932814,0.48792438923195014,0.6545500159263611,0.013964718093972319,0.04102905201060427,0.01836798413215723,0.4829457231930324,0.11273231028743184,0.6931471058300563,1.7786531260824923e-07,0.32968869805336,0.03818974933262716,0.5310447854655129,0.07674917561103452,10000.0,0.0,0.42910503489630564,0.9749066661349719,0.0174429641235828,0.03238908853622556,-0.42857143708637785,0.9759000380476277,0.7142857228006635,0.7559289234900163,0.42892290013177053,0.9750144434302683,0.020645845503033926,0.02964594504859745,-0.42857143708637785,0.9759000380476277,0.7142857228006635,0.7559289234900163,,,,,,,,,,,,,,,,,24.571428571428573,32.464632770946004,0.6354918990816388,0.038320036458968365,1.0,0.0
pupil_only,Pupil left/right nodes with temporal graph relations only.,multiclass_table6_valence_3class,Table-6 Valence,subject_kfold,HeteroGCNMLPWeights,val,0.08243326922612529,0.14085130342359034,0.29949926159211565,0.10473737536726722,-0.46396017181021826,0.17356232273367678,0.7398183473518917,0.2923489098379063,1.20377851916211,0.42740731429053036,0.6504181027412415,0.022076957416005284,0.03853179215054423,0.02606505148245805,0.5395618847438267,0.0890671849615678,0.693099422114236,0.00011994167553310277,0.22270752915314265,0.0576535547307049,0.6753084318978446,0.09354619012937716,13231.42857142857,3123.5757211430437,0.4281815545899527,0.975367287885675,0.02036166036204074,0.030750804197482266,-0.4285714030265808,0.9759000147803585,0.7142857228006635,0.7559289234900163,0.42795071431568693,0.9754125301191778,0.019963722385924115,0.03326638254009081,-0.42857142857142855,0.9759000525896716,0.7142857228006635,0.7559289234900163,,,,,,,,,,,,,,,,,24.571428571428573,32.464632770946004,0.6354918990816388,0.038320036458968365,1.0,0.0
pupil_only,Pupil left/right nodes with temporal graph relations only.,multiclass_table6_valence_3class,Table-6 Valence,subject_kfold,HeteroGCNMean,test,-0.03153508332824067,0.10595102972724241,0.2846797619547162,0.08072871746306155,-0.7503124347754887,0.32740294092014793,0.7276712592158999,0.31186150646677324,1.4779836939913886,0.5852886785485982,0.6576884133475167,0.016266706004559987,0.04175970384052817,0.025680262872899772,0.4829165424619402,0.12148232578224312,0.6931464076042175,1.3709068298347888e-06,0.26033499624047957,0.06912430562762817,0.5963524792875562,0.11860847049516024,141779.0,49751.53076706953,,,,,,,,,,,,,,,,,,,,,,,,,,,,,,,,,26.571428571428573,27.073093302250868,0.6346428905214582,0.041480574155549704,1.0,0.0
pupil_only,Pupil left/right nodes with temporal graph relations only.,multiclass_table6_valence_3class,Table-6 Valence,subject_kfold,HeteroGCNMean,train,-0.02607660005534334,0.08969966298643345,0.29817856209618704,0.06892319138544029,-0.8128183611801693,0.38036140445051453,0.8725487845284599,0.32954325138215906,1.685367145708629,0.6756283433048944,0.6554630143301827,0.012948063079221675,0.04809096349137165,0.024420387413379048,0.4500200109822409,0.14668011773513082,0.6931471739496503,2.25284381483438e-08,0.34972806913512094,0.03562380199594791,0.4697964234011514,0.07337767044920981,10000.0,0.0,,,,,,,,,,,,,,,,,,,,,,,,,,,,,,,,,26.571428571428573,27.073093302250868,0.6346428905214582,0.041480574155549704,1.0,0.0
pupil_only,Pupil left/right nodes with temporal graph relations only.,multiclass_table6_valence_3class,Table-6 Valence,subject_kfold,HeteroGCNMean,val,-0.015426127772246057,0.08736431795170599,0.29479250950472696,0.09688974344555114,-0.6785084988389697,0.3029252826529066,0.6580269038677216,0.2660470705448137,1.3365354027066911,0.5339584464500765,0.6533461468560355,0.020304805880853555,0.0422528761305979,0.0285120440992151,0.513292235987527,0.10402593273768247,0.6931350486619132,1.675777131142694e-05,0.2398949712514877,0.06289144397328864,0.6305320603506905,0.10404665614878768,13231.42857142857,3123.5757211430437,,,,,,,,,,,,,,,,,,,,,,,,,,,,,,,,,26.571428571428573,27.073093302250868,0.6346428905214582,0.041480574155549704,1.0,0.0
