accuracy,batch_size,cv_strategy,device,encoder_head_chunks_per_window,encoder_head_inference_ms_per_window,encoder_head_inference_scope,encoder_head_inference_seconds_per_window,encoder_head_inference_total_item_predictions,encoder_head_inference_total_seconds,encoder_head_synthetic_windows_per_run,epochs_completed,fit_seconds,fold_id,frozen_parameters,head_total_parameters,inference_items_per_run,inference_ms_per_window,inference_scope,inference_seconds_per_window,inference_total_item_predictions,inference_total_seconds,macro_f1,model,model_display_name,model_family,parameter_scope,task_name,test_windows,timed_runs,total_parameters,train_seconds_per_window,train_seconds_per_window_epoch,train_window_epochs,train_windows,trainable_parameters,val_windows,warmup_runs,benchmark_path,scale_proxy_details,scale_proxy_name,scale_proxy_value
0.55,128,subject_loo,cuda,5.0,2.5292936458333335,synthetic_gazemae_encoder_pooling_head_forward,0.0025292936458333336,48.0,0.121406095,16.0,20.0,0.9580532552208751,s_P1,2036500.0,82563.0,240,0.0014201916666666667,cached_gazemae_embedding_mlp_head_predict_proba,1.4201916666666666e-06,720,0.001022538,0.5162393162393162,GazeMAE_MLP,GazeMAE_MLP,baseline,frozen_gazemae_encoders_plus_trainable_mlp_head,table6-valence-3class,240,3,2119063.0,0.00022208003134466275,1.1104001567233138e-05,86280.0,4314,82563.0,480,1,results/quick_v1_v2_comparison/2026-06-03_09-24-45/model_runs/2026-06-03_09-24-48/multiclass_table6_valence_3class_emotion-elicitation_2026-06-03_09-33-29/subject_loo/s_P1/baselines/GazeMAE_MLP/model_benchmark.json,,,
0.45416666666666666,240,subject_loo,cpu,,,,,,,,,0.2375983688980341,s_P1,,,240,0.005130776388888888,tabular_predict_proba,5.130776388888889e-06,720,0.003694159,0.3870234389672446,LightGBM,LightGBM,baseline,not_applicable_for_classical_model,table6-valence-3class,240,3,,5.507611703709645e-05,,,4314,,480,1,results/quick_v1_v2_comparison/2026-06-03_09-24-45/model_runs/2026-06-03_09-24-48/multiclass_table6_valence_3class_emotion-elicitation_2026-06-03_09-33-29/subject_loo/s_P1/baselines/LightGBM/model_benchmark.json,"{""num_leaves_total"": 6730, ""num_trees"": 300}",trees,300.0
0.42916666666666664,128,subject_loo,cuda,,,,,,,,33.0,1.4096467441413552,s_P1,,,240,0.0017165388888888888,tabular_predict_proba,1.716538888888889e-06,720,0.001235908,0.37231040564373896,MLP,MLP,baseline,torch_head,table6-valence-3class,240,3,8771.0,0.00032676095135404616,9.901847010728671e-06,142362.0,4314,8771.0,480,1,results/quick_v1_v2_comparison/2026-06-03_09-24-45/model_runs/2026-06-03_09-24-48/multiclass_table6_valence_3class_emotion-elicitation_2026-06-03_09-33-29/subject_loo/s_P1/baselines/MLP/model_benchmark.json,,,
0.4666666666666667,240,subject_loo,cpu,,,,,,,,,3.419546188088134,s_P1,,,240,0.17255575,tabular_predict_proba,0.00017255575,720,0.12424014,0.4142353119448094,SVM,SVM,baseline,not_applicable_for_classical_model,table6-valence-3class,240,3,,0.000792662537804389,,,4314,,480,1,results/quick_v1_v2_comparison/2026-06-03_09-24-45/model_runs/2026-06-03_09-24-48/multiclass_table6_valence_3class_emotion-elicitation_2026-06-03_09-33-29/subject_loo/s_P1/baselines/SVM/model_benchmark.json,"{""n_features"": 68, ""n_support_by_class"": [1381, 971, 1232]}",support_vectors,3584.0
0.5458515283842795,128,subject_loo,cuda,5.0,2.493319291666667,synthetic_gazemae_encoder_pooling_head_forward,0.002493319291666667,48.0,0.119679326,16.0,28.0,1.4339504388626665,s_P10,2036500.0,82563.0,229,0.001437528384279476,cached_gazemae_embedding_mlp_head_predict_proba,1.437528384279476e-06,687,0.000987582,0.5345633044666639,GazeMAE_MLP,GazeMAE_MLP,baseline,frozen_gazemae_encoders_plus_trainable_mlp_head,table6-valence-3class,229,3,2119063.0,0.000328661572051952,1.1737913287569714e-05,122164.0,4363,82563.0,442,1,results/quick_v1_v2_comparison/2026-06-03_09-24-45/model_runs/2026-06-03_09-24-48/multiclass_table6_valence_3class_emotion-elicitation_2026-06-03_09-33-29/subject_loo/s_P10/baselines/GazeMAE_MLP/model_benchmark.json,,,
0.5676855895196506,229,subject_loo,cpu,,,,,,,,,0.1965360720641911,s_P10,,,229,0.005404532751091703,tabular_predict_proba,5.404532751091703e-06,687,0.003712914,0.560893949056533,LightGBM,LightGBM,baseline,not_applicable_for_classical_model,table6-valence-3class,229,3,,4.504608573554689e-05,,,4363,,442,1,results/quick_v1_v2_comparison/2026-06-03_09-24-45/model_runs/2026-06-03_09-24-48/multiclass_table6_valence_3class_emotion-elicitation_2026-06-03_09-33-29/subject_loo/s_P10/baselines/LightGBM/model_benchmark.json,"{""num_leaves_total"": 6617, ""num_trees"": 300}",trees,300.0
0.5720524017467249,128,subject_loo,cuda,,,,,,,,43.0,1.8590243961662054,s_P10,,,229,0.0017425109170305677,tabular_predict_proba,1.7425109170305677e-06,687,0.001197105,0.561977558745209,MLP,MLP,baseline,torch_head,table6-valence-3class,229,3,8771.0,0.0004260885620367191,9.909036326435329e-06,187609.0,4363,8771.0,442,1,results/quick_v1_v2_comparison/2026-06-03_09-24-45/model_runs/2026-06-03_09-24-48/multiclass_table6_valence_3class_emotion-elicitation_2026-06-03_09-33-29/subject_loo/s_P10/baselines/MLP/model_benchmark.json,,,
0.5982532751091703,229,subject_loo,cpu,,,,,,,,,3.5792981449048966,s_P10,,,229,0.17496845414847162,tabular_predict_proba,0.0001749684541484716,687,0.120203328,0.593262636525273,SVM,SVM,baseline,not_applicable_for_classical_model,table6-valence-3class,229,3,,0.0008203754629623875,,,4363,,442,1,results/quick_v1_v2_comparison/2026-06-03_09-24-45/model_runs/2026-06-03_09-24-48/multiclass_table6_valence_3class_emotion-elicitation_2026-06-03_09-33-29/subject_loo/s_P10/baselines/SVM/model_benchmark.json,"{""n_features"": 68, ""n_support_by_class"": [1376, 1016, 1263]}",support_vectors,3655.0
0.5550847457627118,128,subject_loo,cuda,5.0,2.536886,synthetic_gazemae_encoder_pooling_head_forward,0.002536886,48.0,0.121770528,16.0,25.0,1.1976705819834024,s_P13,2036500.0,82563.0,236,0.0013580974576271187,cached_gazemae_embedding_mlp_head_predict_proba,1.3580974576271186e-06,708,0.000961533,0.5509083669304664,GazeMAE_MLP,GazeMAE_MLP,baseline,frozen_gazemae_encoders_plus_trainable_mlp_head,table6-valence-3class,236,3,2119063.0,0.0002757068558893652,1.1028274235574607e-05,108600.0,4344,82563.0,454,1,results/quick_v1_v2_comparison/2026-06-03_09-24-45/model_runs/2026-06-03_09-24-48/multiclass_table6_valence_3class_emotion-elicitation_2026-06-03_09-33-29/subject_loo/s_P13/baselines/GazeMAE_MLP/model_benchmark.json,,,
0.5084745762711864,236,subject_loo,cpu,,,,,,,,,0.1852011908777058,s_P13,,,236,0.005668611581920904,tabular_predict_proba,5.668611581920904e-06,708,0.004013377,0.4914998881281603,LightGBM,LightGBM,baseline,not_applicable_for_classical_model,table6-valence-3class,236,3,,4.263379163851423e-05,,,4344,,454,1,results/quick_v1_v2_comparison/2026-06-03_09-24-45/model_runs/2026-06-03_09-24-48/multiclass_table6_valence_3class_emotion-elicitation_2026-06-03_09-33-29/subject_loo/s_P13/baselines/LightGBM/model_benchmark.json,"{""num_leaves_total"": 6592, ""num_trees"": 300}",trees,300.0
0.538135593220339,128,subject_loo,cuda,,,,,,,,30.0,1.2779242191463709,s_P13,,,236,0.0016858870056497177,tabular_predict_proba,1.6858870056497177e-06,708,0.001193608,0.5243767305622976,MLP,MLP,baseline,torch_head,table6-valence-3class,236,3,8771.0,0.0002941814500797355,9.806048335991182e-06,130320.0,4344,8771.0,454,1,results/quick_v1_v2_comparison/2026-06-03_09-24-45/model_runs/2026-06-03_09-24-48/multiclass_table6_valence_3class_emotion-elicitation_2026-06-03_09-33-29/subject_loo/s_P13/baselines/MLP/model_benchmark.json,,,
0.5254237288135594,236,subject_loo,cpu,,,,,,,,,3.5167234879918396,s_P13,,,236,0.17387332768361582,tabular_predict_proba,0.00017387332768361582,708,0.123102316,0.5095895492112066,SVM,SVM,baseline,not_applicable_for_classical_model,table6-valence-3class,236,3,,0.0008095588139944382,,,4344,,454,1,results/quick_v1_v2_comparison/2026-06-03_09-24-45/model_runs/2026-06-03_09-24-48/multiclass_table6_valence_3class_emotion-elicitation_2026-06-03_09-33-29/subject_loo/s_P13/baselines/SVM/model_benchmark.json,"{""n_features"": 68, ""n_support_by_class"": [1400, 978, 1252]}",support_vectors,3630.0
0.5391705069124424,128,subject_loo,cuda,5.0,2.5419563541666665,synthetic_gazemae_encoder_pooling_head_forward,0.0025419563541666666,48.0,0.122013905,16.0,18.0,0.8839704231359065,s_P14,2036500.0,82563.0,217,0.0014725622119815668,cached_gazemae_embedding_mlp_head_predict_proba,1.472562211981567e-06,651,0.000958638,0.539983756796739,GazeMAE_MLP,GazeMAE_MLP,baseline,frozen_gazemae_encoders_plus_trainable_mlp_head,table6-valence-3class,217,3,2119063.0,0.00020358600256469519,1.1310333475816399e-05,78156.0,4342,82563.0,475,1,results/quick_v1_v2_comparison/2026-06-03_09-24-45/model_runs/2026-06-03_09-24-48/multiclass_table6_valence_3class_emotion-elicitation_2026-06-03_09-33-29/subject_loo/s_P14/baselines/GazeMAE_MLP/model_benchmark.json,,,
0.5944700460829493,217,subject_loo,cpu,,,,,,,,,0.215340422000736,s_P14,,,217,0.006103291858678955,tabular_predict_proba,6.103291858678955e-06,651,0.003973243,0.575689300999177,LightGBM,LightGBM,baseline,not_applicable_for_classical_model,table6-valence-3class,217,3,,4.959475403057024e-05,,,4342,,475,1,results/quick_v1_v2_comparison/2026-06-03_09-24-45/model_runs/2026-06-03_09-24-48/multiclass_table6_valence_3class_emotion-elicitation_2026-06-03_09-33-29/subject_loo/s_P14/baselines/LightGBM/model_benchmark.json,"{""num_leaves_total"": 6575, ""num_trees"": 300}",trees,300.0
0.5806451612903226,128,subject_loo,cuda,,,,,,,,40.0,1.722761806100607,s_P14,,,217,0.0018576466973886329,tabular_predict_proba,1.8576466973886328e-06,651,0.001209328,0.5539201539201539,MLP,MLP,baseline,torch_head,table6-valence-3class,217,3,8771.0,0.00039676688302639495,9.919172075659875e-06,173680.0,4342,8771.0,475,1,results/quick_v1_v2_comparison/2026-06-03_09-24-45/model_runs/2026-06-03_09-24-48/multiclass_table6_valence_3class_emotion-elicitation_2026-06-03_09-33-29/subject_loo/s_P14/baselines/MLP/model_benchmark.json,,,
0.5898617511520737,217,subject_loo,cpu,,,,,,,,,3.5238554950337857,s_P14,,,217,0.18616770967741936,tabular_predict_proba,0.00018616770967741936,651,0.121195179,0.5685477207977208,SVM,SVM,baseline,not_applicable_for_classical_model,table6-valence-3class,217,3,,0.0008115742733841054,,,4342,,475,1,results/quick_v1_v2_comparison/2026-06-03_09-24-45/model_runs/2026-06-03_09-24-48/multiclass_table6_valence_3class_emotion-elicitation_2026-06-03_09-33-29/subject_loo/s_P14/baselines/SVM/model_benchmark.json,"{""n_features"": 68, ""n_support_by_class"": [1400, 1017, 1235]}",support_vectors,3652.0
0.6010362694300518,128,subject_loo,cuda,5.0,2.5523606458333337,synthetic_gazemae_encoder_pooling_head_forward,0.0025523606458333335,48.0,0.122513311,16.0,28.0,1.4027437870390713,s_P16,2036500.0,82563.0,193,0.0016311070811744386,cached_gazemae_embedding_mlp_head_predict_proba,1.6311070811744387e-06,579,0.000944411,0.5903013895984669,GazeMAE_MLP,GazeMAE_MLP,baseline,frozen_gazemae_encoders_plus_trainable_mlp_head,table6-valence-3class,193,3,2119063.0,0.0003199689295253356,1.1427461768761985e-05,122752.0,4384,82563.0,457,1,results/quick_v1_v2_comparison/2026-06-03_09-24-45/model_runs/2026-06-03_09-24-48/multiclass_table6_valence_3class_emotion-elicitation_2026-06-03_09-33-29/subject_loo/s_P16/baselines/GazeMAE_MLP/model_benchmark.json,,,
0.5129533678756477,193,subject_loo,cpu,,,,,,,,,1.001287457998842,s_P16,,,193,0.006661198618307427,tabular_predict_proba,6.661198618307427e-06,579,0.003856834,0.5187442284498536,LightGBM,LightGBM,baseline,not_applicable_for_classical_model,table6-valence-3class,193,3,,0.00022839586176980886,,,4384,,457,1,results/quick_v1_v2_comparison/2026-06-03_09-24-45/model_runs/2026-06-03_09-24-48/multiclass_table6_valence_3class_emotion-elicitation_2026-06-03_09-33-29/subject_loo/s_P16/baselines/LightGBM/model_benchmark.json,"{""num_leaves_total"": 6627, ""num_trees"": 300}",trees,300.0
0.5181347150259067,128,subject_loo,cuda,,,,,,,,43.0,1.862620190018788,s_P16,,,193,0.002244763385146805,tabular_predict_proba,2.244763385146805e-06,579,0.001299718,0.5163269202986036,MLP,MLP,baseline,torch_head,table6-valence-3class,193,3,8771.0,0.00042486774407362866,9.88064521101462e-06,188512.0,4384,8771.0,457,1,results/quick_v1_v2_comparison/2026-06-03_09-24-45/model_runs/2026-06-03_09-24-48/multiclass_table6_valence_3class_emotion-elicitation_2026-06-03_09-33-29/subject_loo/s_P16/baselines/MLP/model_benchmark.json,,,
0.5233160621761658,193,subject_loo,cpu,,,,,,,,,3.6154377800412476,s_P16,,,193,0.1766491364421416,tabular_predict_proba,0.00017664913644214162,579,0.10227985,0.5213706211046637,SVM,SVM,baseline,not_applicable_for_classical_model,table6-valence-3class,193,3,,0.0008246892746444452,,,4384,,457,1,results/quick_v1_v2_comparison/2026-06-03_09-24-45/model_runs/2026-06-03_09-24-48/multiclass_table6_valence_3class_emotion-elicitation_2026-06-03_09-33-29/subject_loo/s_P16/baselines/SVM/model_benchmark.json,"{""n_features"": 68, ""n_support_by_class"": [1416, 979, 1268]}",support_vectors,3663.0
0.6108786610878661,128,subject_loo,cuda,5.0,2.4941239166666667,synthetic_gazemae_encoder_pooling_head_forward,0.0024941239166666666,48.0,0.119717948,16.0,27.0,1.4191410019993782,s_P17,2036500.0,82563.0,239,0.0014077308228730822,cached_gazemae_embedding_mlp_head_predict_proba,1.4077308228730823e-06,717,0.001009343,0.5763709894382393,GazeMAE_MLP,GazeMAE_MLP,baseline,frozen_gazemae_encoders_plus_trainable_mlp_head,table6-valence-3class,239,3,2119063.0,0.0003266899175873338,1.209962657730866e-05,117288.0,4344,82563.0,451,1,results/quick_v1_v2_comparison/2026-06-03_09-24-45/model_runs/2026-06-03_09-24-48/multiclass_table6_valence_3class_emotion-elicitation_2026-06-03_09-33-29/subject_loo/s_P17/baselines/GazeMAE_MLP/model_benchmark.json,,,
0.6276150627615062,239,subject_loo,cpu,,,,,,,,,0.6796497409231961,s_P17,,,239,0.005065931659693166,tabular_predict_proba,5.065931659693166e-06,717,0.003632273,0.5814209395647846,LightGBM,LightGBM,baseline,not_applicable_for_classical_model,table6-valence-3class,239,3,,0.00015645712268029375,,,4344,,451,1,results/quick_v1_v2_comparison/2026-06-03_09-24-45/model_runs/2026-06-03_09-24-48/multiclass_table6_valence_3class_emotion-elicitation_2026-06-03_09-33-29/subject_loo/s_P17/baselines/LightGBM/model_benchmark.json,"{""num_leaves_total"": 6552, ""num_trees"": 300}",trees,300.0
0.6317991631799164,128,subject_loo,cuda,,,,,,,,37.0,1.629497695947066,s_P17,,,239,0.001697242677824268,tabular_predict_proba,1.6972426778242678e-06,717,0.001216923,0.5888205128205128,MLP,MLP,baseline,torch_head,table6-valence-3class,239,3,8771.0,0.00037511457089020855,1.0138231645681312e-05,160728.0,4344,8771.0,451,1,results/quick_v1_v2_comparison/2026-06-03_09-24-45/model_runs/2026-06-03_09-24-48/multiclass_table6_valence_3class_emotion-elicitation_2026-06-03_09-33-29/subject_loo/s_P17/baselines/MLP/model_benchmark.json,,,
0.6192468619246861,239,subject_loo,cpu,,,,,,,,,3.5134030098561198,s_P17,,,239,0.17430085913528592,tabular_predict_proba,0.00017430085913528593,717,0.124973716,0.5787543112367458,SVM,SVM,baseline,not_applicable_for_classical_model,table6-valence-3class,239,3,,0.00080879443136651,,,4344,,451,1,results/quick_v1_v2_comparison/2026-06-03_09-24-45/model_runs/2026-06-03_09-24-48/multiclass_table6_valence_3class_emotion-elicitation_2026-06-03_09-33-29/subject_loo/s_P17/baselines/SVM/model_benchmark.json,"{""n_features"": 68, ""n_support_by_class"": [1392, 1006, 1255]}",support_vectors,3653.0
0.5131578947368421,128,subject_loo,cuda,5.0,2.5897747916666667,synthetic_gazemae_encoder_pooling_head_forward,0.0025897747916666667,48.0,0.12430919,16.0,23.0,1.1336908990051597,s_P18,2036500.0,82563.0,228,0.0013965380116959065,cached_gazemae_embedding_mlp_head_predict_proba,1.3965380116959064e-06,684,0.000955232,0.5062190738142885,GazeMAE_MLP,GazeMAE_MLP,baseline,frozen_gazemae_encoders_plus_trainable_mlp_head,table6-valence-3class,228,3,2119063.0,0.0002598420579888058,1.1297480782121992e-05,100349.0,4363,82563.0,443,1,results/quick_v1_v2_comparison/2026-06-03_09-24-45/model_runs/2026-06-03_09-24-48/multiclass_table6_valence_3class_emotion-elicitation_2026-06-03_09-33-29/subject_loo/s_P18/baselines/GazeMAE_MLP/model_benchmark.json,,,
0.5570175438596491,228,subject_loo,cpu,,,,,,,,,0.2013352329377085,s_P18,,,228,0.005456228070175439,tabular_predict_proba,5.456228070175439e-06,684,0.00373206,0.5461490459817216,LightGBM,LightGBM,baseline,not_applicable_for_classical_model,table6-valence-3class,228,3,,4.6146053847744326e-05,,,4363,,443,1,results/quick_v1_v2_comparison/2026-06-03_09-24-45/model_runs/2026-06-03_09-24-48/multiclass_table6_valence_3class_emotion-elicitation_2026-06-03_09-33-29/subject_loo/s_P18/baselines/LightGBM/model_benchmark.json,"{""num_leaves_total"": 6831, ""num_trees"": 300}",trees,300.0
0.5350877192982456,128,subject_loo,cuda,,,,,,,,21.0,0.9355225670151412,s_P18,,,228,0.0018793728070175438,tabular_predict_proba,1.8793728070175438e-06,684,0.001285491,0.5292661802831119,MLP,MLP,baseline,torch_head,table6-valence-3class,228,3,8771.0,0.00021442185812861362,1.0210564672791124e-05,91623.0,4363,8771.0,443,1,results/quick_v1_v2_comparison/2026-06-03_09-24-45/model_runs/2026-06-03_09-24-48/multiclass_table6_valence_3class_emotion-elicitation_2026-06-03_09-33-29/subject_loo/s_P18/baselines/MLP/model_benchmark.json,,,
0.5482456140350878,228,subject_loo,cpu,,,,,,,,,3.539587061153725,s_P18,,,228,0.1760471754385965,tabular_predict_proba,0.0001760471754385965,684,0.120416268,0.5403209988252392,SVM,SVM,baseline,not_applicable_for_classical_model,table6-valence-3class,228,3,,0.0008112736789259053,,,4363,,443,1,results/quick_v1_v2_comparison/2026-06-03_09-24-45/model_runs/2026-06-03_09-24-48/multiclass_table6_valence_3class_emotion-elicitation_2026-06-03_09-33-29/subject_loo/s_P18/baselines/SVM/model_benchmark.json,"{""n_features"": 68, ""n_support_by_class"": [1410, 976, 1261]}",support_vectors,3647.0
0.5283842794759825,128,subject_loo,cuda,5.0,2.5736078124999997,synthetic_gazemae_encoder_pooling_head_forward,0.0025736078125,48.0,0.123533175,16.0,18.0,0.8643902170006186,s_P19,2036500.0,82563.0,229,0.0013902212518195052,cached_gazemae_embedding_mlp_head_predict_proba,1.3902212518195052e-06,687,0.000955082,0.5270505083136322,GazeMAE_MLP,GazeMAE_MLP,baseline,frozen_gazemae_encoders_plus_trainable_mlp_head,table6-valence-3class,229,3,2119063.0,0.00019921415464406973,1.1067453035781652e-05,78102.0,4339,82563.0,466,1,results/quick_v1_v2_comparison/2026-06-03_09-24-45/model_runs/2026-06-03_09-24-48/multiclass_table6_valence_3class_emotion-elicitation_2026-06-03_09-33-29/subject_loo/s_P19/baselines/GazeMAE_MLP/model_benchmark.json,,,
0.5807860262008734,229,subject_loo,cpu,,,,,,,,,0.320343250175938,s_P19,,,229,0.005287647743813683,tabular_predict_proba,5.287647743813683e-06,687,0.003632614,0.5728443069809217,LightGBM,LightGBM,baseline,not_applicable_for_classical_model,table6-valence-3class,229,3,,7.382882004515742e-05,,,4339,,466,1,results/quick_v1_v2_comparison/2026-06-03_09-24-45/model_runs/2026-06-03_09-24-48/multiclass_table6_valence_3class_emotion-elicitation_2026-06-03_09-33-29/subject_loo/s_P19/baselines/LightGBM/model_benchmark.json,"{""num_leaves_total"": 6411, ""num_trees"": 300}",trees,300.0
0.5589519650655022,128,subject_loo,cuda,,,,,,,,21.0,0.8965271050110459,s_P19,,,229,0.0017333231441048038,tabular_predict_proba,1.7333231441048037e-06,687,0.001190793,0.5478868110447058,MLP,MLP,baseline,torch_head,table6-valence-3class,229,3,8771.0,0.00020662067412100622,9.839079720047915e-06,91119.0,4339,8771.0,466,1,results/quick_v1_v2_comparison/2026-06-03_09-24-45/model_runs/2026-06-03_09-24-48/multiclass_table6_valence_3class_emotion-elicitation_2026-06-03_09-33-29/subject_loo/s_P19/baselines/MLP/model_benchmark.json,,,
0.5502183406113537,229,subject_loo,cpu,,,,,,,,,3.493318287888542,s_P19,,,229,0.17390418777292577,tabular_predict_proba,0.00017390418777292577,687,0.119472177,0.5483301537054543,SVM,SVM,baseline,not_applicable_for_classical_model,table6-valence-3class,229,3,,0.0008050975542494911,,,4339,,466,1,results/quick_v1_v2_comparison/2026-06-03_09-24-45/model_runs/2026-06-03_09-24-48/multiclass_table6_valence_3class_emotion-elicitation_2026-06-03_09-33-29/subject_loo/s_P19/baselines/SVM/model_benchmark.json,"{""n_features"": 68, ""n_support_by_class"": [1375, 1001, 1225]}",support_vectors,3601.0
0.5643153526970954,128,subject_loo,cuda,5.0,2.5699265,synthetic_gazemae_encoder_pooling_head_forward,0.0025699265,48.0,0.123356472,16.0,28.0,1.3607838251627982,s_P2,2036500.0,82563.0,241,0.0013195712309820194,cached_gazemae_embedding_mlp_head_predict_proba,1.3195712309820194e-06,723,0.00095405,0.5385297007800386,GazeMAE_MLP,GazeMAE_MLP,baseline,frozen_gazemae_encoders_plus_trainable_mlp_head,table6-valence-3class,241,3,2119063.0,0.0003136892174188101,1.1203186336386075e-05,121464.0,4338,82563.0,455,1,results/quick_v1_v2_comparison/2026-06-03_09-24-45/model_runs/2026-06-03_09-24-48/multiclass_table6_valence_3class_emotion-elicitation_2026-06-03_09-33-29/subject_loo/s_P2/baselines/GazeMAE_MLP/model_benchmark.json,,,
0.5311203319502075,241,subject_loo,cpu,,,,,,,,,0.20511007378809154,s_P2,,,241,0.0051690304287690175,tabular_predict_proba,5.169030428769018e-06,723,0.003737209,0.5119576161413254,LightGBM,LightGBM,baseline,not_applicable_for_classical_model,table6-valence-3class,241,3,,4.728217468605153e-05,,,4338,,455,1,results/quick_v1_v2_comparison/2026-06-03_09-24-45/model_runs/2026-06-03_09-24-48/multiclass_table6_valence_3class_emotion-elicitation_2026-06-03_09-33-29/subject_loo/s_P2/baselines/LightGBM/model_benchmark.json,"{""num_leaves_total"": 6600, ""num_trees"": 300}",trees,300.0
0.5809128630705395,128,subject_loo,cuda,,,,,,,,32.0,1.376459286082536,s_P2,,,241,0.001673484094052559,tabular_predict_proba,1.6734840940525589e-06,723,0.001209929,0.5546916166271005,MLP,MLP,baseline,torch_head,table6-valence-3class,241,3,8771.0,0.00031730273999136375,9.915710624730117e-06,138816.0,4338,8771.0,455,1,results/quick_v1_v2_comparison/2026-06-03_09-24-45/model_runs/2026-06-03_09-24-48/multiclass_table6_valence_3class_emotion-elicitation_2026-06-03_09-33-29/subject_loo/s_P2/baselines/MLP/model_benchmark.json,,,
0.5020746887966805,241,subject_loo,cpu,,,,,,,,,3.5652001628186554,s_P2,,,241,0.17391289349930844,tabular_predict_proba,0.00017391289349930845,723,0.125739022,0.48840639704157524,SVM,SVM,baseline,not_applicable_for_classical_model,table6-valence-3class,241,3,,0.0008218534261914835,,,4338,,455,1,results/quick_v1_v2_comparison/2026-06-03_09-24-45/model_runs/2026-06-03_09-24-48/multiclass_table6_valence_3class_emotion-elicitation_2026-06-03_09-33-29/subject_loo/s_P2/baselines/SVM/model_benchmark.json,"{""n_features"": 68, ""n_support_by_class"": [1365, 1012, 1252]}",support_vectors,3629.0
0.588495575221239,128,subject_loo,cuda,5.0,2.5073015625,synthetic_gazemae_encoder_pooling_head_forward,0.0025073015625,48.0,0.120350475,16.0,17.0,0.8144589641597122,s_P20,2036500.0,82563.0,226,0.0014125899705014749,cached_gazemae_embedding_mlp_head_predict_proba,1.412589970501475e-06,678,0.000957736,0.5745116528459568,GazeMAE_MLP,GazeMAE_MLP,baseline,frozen_gazemae_encoders_plus_trainable_mlp_head,table6-valence-3class,226,3,2119063.0,0.0001865885370354438,1.0975796296202577e-05,74205.0,4365,82563.0,443,1,results/quick_v1_v2_comparison/2026-06-03_09-24-45/model_runs/2026-06-03_09-24-48/multiclass_table6_valence_3class_emotion-elicitation_2026-06-03_09-33-29/subject_loo/s_P20/baselines/GazeMAE_MLP/model_benchmark.json,,,
0.584070796460177,226,subject_loo,cpu,,,,,,,,,0.2058571649249643,s_P20,,,226,0.00576501622418879,tabular_predict_proba,5.76501622418879e-06,678,0.003908681,0.5733224437780352,LightGBM,LightGBM,baseline,not_applicable_for_classical_model,table6-valence-3class,226,3,,4.716086252576502e-05,,,4365,,443,1,results/quick_v1_v2_comparison/2026-06-03_09-24-45/model_runs/2026-06-03_09-24-48/multiclass_table6_valence_3class_emotion-elicitation_2026-06-03_09-33-29/subject_loo/s_P20/baselines/LightGBM/model_benchmark.json,"{""num_leaves_total"": 6320, ""num_trees"": 300}",trees,300.0
0.5221238938053098,128,subject_loo,cuda,,,,,,,,17.0,0.7615563180297613,s_P20,,,226,0.0017375206489675518,tabular_predict_proba,1.7375206489675518e-06,678,0.001178039,0.5122782963314525,MLP,MLP,baseline,torch_head,table6-valence-3class,226,3,8771.0,0.00017446880138138863,1.0262870669493448e-05,74205.0,4365,8771.0,443,1,results/quick_v1_v2_comparison/2026-06-03_09-24-45/model_runs/2026-06-03_09-24-48/multiclass_table6_valence_3class_emotion-elicitation_2026-06-03_09-33-29/subject_loo/s_P20/baselines/MLP/model_benchmark.json,,,
0.5973451327433629,226,subject_loo,cpu,,,,,,,,,3.5387818010058254,s_P20,,,226,0.17511947935103245,tabular_predict_proba,0.00017511947935103245,678,0.118731007,0.5957796336392067,SVM,SVM,baseline,not_applicable_for_classical_model,table6-valence-3class,226,3,,0.0008107174801846106,,,4365,,443,1,results/quick_v1_v2_comparison/2026-06-03_09-24-45/model_runs/2026-06-03_09-24-48/multiclass_table6_valence_3class_emotion-elicitation_2026-06-03_09-33-29/subject_loo/s_P20/baselines/SVM/model_benchmark.json,"{""n_features"": 68, ""n_support_by_class"": [1395, 1012, 1219]}",support_vectors,3626.0
0.589041095890411,128,subject_loo,cuda,5.0,2.5095086041666663,synthetic_gazemae_encoder_pooling_head_forward,0.0025095086041666665,48.0,0.120456413,16.0,23.0,1.136651422828436,s_P21,2036500.0,82563.0,219,0.0014215692541856926,cached_gazemae_embedding_mlp_head_predict_proba,1.4215692541856926e-06,657,0.000933971,0.580739541337659,GazeMAE_MLP,GazeMAE_MLP,baseline,frozen_gazemae_encoders_plus_trainable_mlp_head,table6-valence-3class,219,3,2119063.0,0.0002599248622978358,1.130108096947112e-05,100579.0,4373,82563.0,442,1,results/quick_v1_v2_comparison/2026-06-03_09-24-45/model_runs/2026-06-03_09-24-48/multiclass_table6_valence_3class_emotion-elicitation_2026-06-03_09-33-29/subject_loo/s_P21/baselines/GazeMAE_MLP/model_benchmark.json,,,
0.5525114155251142,219,subject_loo,cpu,,,,,,,,,0.22072356892749667,s_P21,,,219,0.005397689497716895,tabular_predict_proba,5.397689497716895e-06,657,0.003546282,0.5172640795233864,LightGBM,LightGBM,baseline,not_applicable_for_classical_model,table6-valence-3class,219,3,,5.047417537788627e-05,,,4373,,442,1,results/quick_v1_v2_comparison/2026-06-03_09-24-45/model_runs/2026-06-03_09-24-48/multiclass_table6_valence_3class_emotion-elicitation_2026-06-03_09-33-29/subject_loo/s_P21/baselines/LightGBM/model_benchmark.json,"{""num_leaves_total"": 6439, ""num_trees"": 300}",trees,300.0
0.5707762557077626,128,subject_loo,cuda,,,,,,,,38.0,1.6524208621121943,s_P21,,,219,0.0018133698630136985,tabular_predict_proba,1.8133698630136986e-06,657,0.001191384,0.5291244476868621,MLP,MLP,baseline,torch_head,table6-valence-3class,219,3,8771.0,0.00037786893713976543,9.943919398414881e-06,166174.0,4373,8771.0,442,1,results/quick_v1_v2_comparison/2026-06-03_09-24-45/model_runs/2026-06-03_09-24-48/multiclass_table6_valence_3class_emotion-elicitation_2026-06-03_09-33-29/subject_loo/s_P21/baselines/MLP/model_benchmark.json,,,
0.5662100456621004,219,subject_loo,cpu,,,,,,,,,3.56619182205759,s_P21,,,219,0.17655631506849315,tabular_predict_proba,0.00017655631506849315,657,0.115997499,0.5354060067029592,SVM,SVM,baseline,not_applicable_for_classical_model,table6-valence-3class,219,3,,0.000815502360406492,,,4373,,442,1,results/quick_v1_v2_comparison/2026-06-03_09-24-45/model_runs/2026-06-03_09-24-48/multiclass_table6_valence_3class_emotion-elicitation_2026-06-03_09-33-29/subject_loo/s_P21/baselines/SVM/model_benchmark.json,"{""n_features"": 68, ""n_support_by_class"": [1383, 1048, 1234]}",support_vectors,3665.0
0.4392523364485981,128,subject_loo,cuda,5.0,2.528004979166667,synthetic_gazemae_encoder_pooling_head_forward,0.002528004979166667,48.0,0.121344239,16.0,16.0,0.7628196468576789,s_P22,2036500.0,82563.0,214,0.0014680031152647975,cached_gazemae_embedding_mlp_head_predict_proba,1.4680031152647975e-06,642,0.000942458,0.3878762243752428,GazeMAE_MLP,GazeMAE_MLP,baseline,frozen_gazemae_encoders_plus_trainable_mlp_head,table6-valence-3class,214,3,2119063.0,0.0001758459305803778,1.0990370661273613e-05,69408.0,4338,82563.0,482,1,results/quick_v1_v2_comparison/2026-06-03_09-24-45/model_runs/2026-06-03_09-24-48/multiclass_table6_valence_3class_emotion-elicitation_2026-06-03_09-33-29/subject_loo/s_P22/baselines/GazeMAE_MLP/model_benchmark.json,,,
0.5607476635514018,214,subject_loo,cpu,,,,,,,,,0.1906162779778242,s_P22,,,214,0.006172823987538941,tabular_predict_proba,6.172823987538941e-06,642,0.003962953,0.5412284654146134,LightGBM,LightGBM,baseline,not_applicable_for_classical_model,table6-valence-3class,214,3,,4.394105070950305e-05,,,4338,,482,1,results/quick_v1_v2_comparison/2026-06-03_09-24-45/model_runs/2026-06-03_09-24-48/multiclass_table6_valence_3class_emotion-elicitation_2026-06-03_09-33-29/subject_loo/s_P22/baselines/LightGBM/model_benchmark.json,"{""num_leaves_total"": 6602, ""num_trees"": 300}",trees,300.0
0.5747663551401869,128,subject_loo,cuda,,,,,,,,17.0,0.7424139340873808,s_P22,,,214,0.0018563177570093457,tabular_predict_proba,1.8563177570093458e-06,642,0.001191756,0.5607193400296849,MLP,MLP,baseline,torch_head,table6-valence-3class,214,3,8771.0,0.0001711419857278425,1.0067175631049558e-05,73746.0,4338,8771.0,482,1,results/quick_v1_v2_comparison/2026-06-03_09-24-45/model_runs/2026-06-03_09-24-48/multiclass_table6_valence_3class_emotion-elicitation_2026-06-03_09-33-29/subject_loo/s_P22/baselines/MLP/model_benchmark.json,,,
0.5560747663551402,214,subject_loo,cpu,,,,,,,,,3.4170177651103586,s_P22,,,214,0.1699139158878505,tabular_predict_proba,0.00016991391588785048,642,0.109084734,0.5423583112370297,SVM,SVM,baseline,not_applicable_for_classical_model,table6-valence-3class,214,3,,0.000787694275036966,,,4338,,482,1,results/quick_v1_v2_comparison/2026-06-03_09-24-45/model_runs/2026-06-03_09-24-48/multiclass_table6_valence_3class_emotion-elicitation_2026-06-03_09-33-29/subject_loo/s_P22/baselines/SVM/model_benchmark.json,"{""n_features"": 68, ""n_support_by_class"": [1361, 972, 1222]}",support_vectors,3555.0
0.625,128,subject_loo,cuda,5.0,2.5233426875,synthetic_gazemae_encoder_pooling_head_forward,0.0025233426875,48.0,0.121120449,16.0,19.0,0.9062332899775356,s_P23,2036500.0,82563.0,240,0.001326376388888889,cached_gazemae_embedding_mlp_head_predict_proba,1.3263763888888889e-06,720,0.000954991,0.6045971721773514,GazeMAE_MLP,GazeMAE_MLP,baseline,frozen_gazemae_encoders_plus_trainable_mlp_head,table6-valence-3class,240,3,2119063.0,0.00020657243901926956,1.0872233632593136e-05,83353.0,4387,82563.0,407,1,results/quick_v1_v2_comparison/2026-06-03_09-24-45/model_runs/2026-06-03_09-24-48/multiclass_table6_valence_3class_emotion-elicitation_2026-06-03_09-33-29/subject_loo/s_P23/baselines/GazeMAE_MLP/model_benchmark.json,,,
0.6583333333333333,240,subject_loo,cpu,,,,,,,,,0.20137016917578876,s_P23,,,240,0.005094652777777778,tabular_predict_proba,5.094652777777778e-06,720,0.00366815,0.6404410224177667,LightGBM,LightGBM,baseline,not_applicable_for_classical_model,table6-valence-3class,240,3,,4.5901565802550435e-05,,,4387,,407,1,results/quick_v1_v2_comparison/2026-06-03_09-24-45/model_runs/2026-06-03_09-24-48/multiclass_table6_valence_3class_emotion-elicitation_2026-06-03_09-33-29/subject_loo/s_P23/baselines/LightGBM/model_benchmark.json,"{""num_leaves_total"": 6825, ""num_trees"": 300}",trees,300.0
0.5708333333333333,128,subject_loo,cuda,,,,,,,,17.0,0.7609575141686946,s_P23,,,240,0.0016499569444444445,tabular_predict_proba,1.6499569444444445e-06,720,0.001187969,0.5474807221727714,MLP,MLP,baseline,torch_head,table6-valence-3class,240,3,8771.0,0.00017345737728942208,1.0203375134671887e-05,74579.0,4387,8771.0,407,1,results/quick_v1_v2_comparison/2026-06-03_09-24-45/model_runs/2026-06-03_09-24-48/multiclass_table6_valence_3class_emotion-elicitation_2026-06-03_09-33-29/subject_loo/s_P23/baselines/MLP/model_benchmark.json,,,
0.7041666666666667,240,subject_loo,cpu,,,,,,,,,3.653593948110938,s_P23,,,240,0.17646509722222223,tabular_predict_proba,0.00017646509722222221,720,0.12705487,0.6946335543452523,SVM,SVM,baseline,not_applicable_for_classical_model,table6-valence-3class,240,3,,0.0008328228739710367,,,4387,,407,1,results/quick_v1_v2_comparison/2026-06-03_09-24-45/model_runs/2026-06-03_09-24-48/multiclass_table6_valence_3class_emotion-elicitation_2026-06-03_09-33-29/subject_loo/s_P23/baselines/SVM/model_benchmark.json,"{""n_features"": 68, ""n_support_by_class"": [1380, 1048, 1246]}",support_vectors,3674.0
0.3593073593073593,128,subject_loo,cuda,5.0,2.5124223958333336,synthetic_gazemae_encoder_pooling_head_forward,0.0025124223958333334,48.0,0.120596275,16.0,34.0,1.6568167069926858,s_P24,2036500.0,82563.0,231,0.0013955757575757576,cached_gazemae_embedding_mlp_head_predict_proba,1.3955757575757576e-06,693,0.000967134,0.3157246403792928,GazeMAE_MLP,GazeMAE_MLP,baseline,frozen_gazemae_encoders_plus_trainable_mlp_head,table6-valence-3class,231,3,2119063.0,0.00038052749356745196,1.1191985104925057e-05,148036.0,4354,82563.0,449,1,results/quick_v1_v2_comparison/2026-06-03_09-24-45/model_runs/2026-06-03_09-24-48/multiclass_table6_valence_3class_emotion-elicitation_2026-06-03_09-33-29/subject_loo/s_P24/baselines/GazeMAE_MLP/model_benchmark.json,,,
0.37662337662337664,231,subject_loo,cpu,,,,,,,,,0.2758146501146257,s_P24,,,231,0.006394823953823954,tabular_predict_proba,6.394823953823954e-06,693,0.004431613,0.29581839904420554,LightGBM,LightGBM,baseline,not_applicable_for_classical_model,table6-valence-3class,231,3,,6.334741619536649e-05,,,4354,,449,1,results/quick_v1_v2_comparison/2026-06-03_09-24-45/model_runs/2026-06-03_09-24-48/multiclass_table6_valence_3class_emotion-elicitation_2026-06-03_09-33-29/subject_loo/s_P24/baselines/LightGBM/model_benchmark.json,"{""num_leaves_total"": 6648, ""num_trees"": 300}",trees,300.0
0.35064935064935066,128,subject_loo,cuda,,,,,,,,38.0,1.6485620641615242,s_P24,,,231,0.00172284126984127,tabular_predict_proba,1.7228412698412699e-06,693,0.001193929,0.24102072164696095,MLP,MLP,baseline,torch_head,table6-valence-3class,231,3,8771.0,0.0003786316178597897,9.963989943678674e-06,165452.0,4354,8771.0,449,1,results/quick_v1_v2_comparison/2026-06-03_09-24-45/model_runs/2026-06-03_09-24-48/multiclass_table6_valence_3class_emotion-elicitation_2026-06-03_09-33-29/subject_loo/s_P24/baselines/MLP/model_benchmark.json,,,
0.341991341991342,231,subject_loo,cpu,,,,,,,,,3.4822047429624945,s_P24,,,231,0.17241963203463204,tabular_predict_proba,0.00017241963203463203,693,0.119486805,0.22463267628464498,SVM,SVM,baseline,not_applicable_for_classical_model,table6-valence-3class,231,3,,0.0007997714154714044,,,4354,,449,1,results/quick_v1_v2_comparison/2026-06-03_09-24-45/model_runs/2026-06-03_09-24-48/multiclass_table6_valence_3class_emotion-elicitation_2026-06-03_09-33-29/subject_loo/s_P24/baselines/SVM/model_benchmark.json,"{""n_features"": 68, ""n_support_by_class"": [1366, 1005, 1236]}",support_vectors,3607.0
0.6278026905829597,128,subject_loo,cuda,5.0,2.52372925,synthetic_gazemae_encoder_pooling_head_forward,0.00252372925,48.0,0.121139004,16.0,23.0,1.081033051945269,s_P27,2036500.0,82563.0,223,0.0014104633781763826,cached_gazemae_embedding_mlp_head_predict_proba,1.4104633781763826e-06,669,0.0009436,0.591563043684887,GazeMAE_MLP,GazeMAE_MLP,baseline,frozen_gazemae_encoders_plus_trainable_mlp_head,table6-valence-3class,223,3,2119063.0,0.000248799321506391,1.0817361804625698e-05,99935.0,4345,82563.0,466,1,results/quick_v1_v2_comparison/2026-06-03_09-24-45/model_runs/2026-06-03_09-24-48/multiclass_table6_valence_3class_emotion-elicitation_2026-06-03_09-33-29/subject_loo/s_P27/baselines/GazeMAE_MLP/model_benchmark.json,,,
0.5201793721973094,223,subject_loo,cpu,,,,,,,,,0.2077718658838421,s_P27,,,223,0.006761889387144992,tabular_predict_proba,6.761889387144993e-06,669,0.004523704,0.5004698351870122,LightGBM,LightGBM,baseline,not_applicable_for_classical_model,table6-valence-3class,223,3,,4.7818611250596574e-05,,,4345,,466,1,results/quick_v1_v2_comparison/2026-06-03_09-24-45/model_runs/2026-06-03_09-24-48/multiclass_table6_valence_3class_emotion-elicitation_2026-06-03_09-33-29/subject_loo/s_P27/baselines/LightGBM/model_benchmark.json,"{""num_leaves_total"": 6537, ""num_trees"": 300}",trees,300.0
0.5336322869955157,128,subject_loo,cuda,,,,,,,,33.0,1.4243251259904355,s_P27,,,223,0.0017903991031390134,tabular_predict_proba,1.7903991031390134e-06,669,0.001197777,0.48370408833282513,MLP,MLP,baseline,torch_head,table6-valence-3class,223,3,8771.0,0.0003278078540829541,9.933571335847093e-06,143385.0,4345,8771.0,466,1,results/quick_v1_v2_comparison/2026-06-03_09-24-45/model_runs/2026-06-03_09-24-48/multiclass_table6_valence_3class_emotion-elicitation_2026-06-03_09-33-29/subject_loo/s_P27/baselines/MLP/model_benchmark.json,,,
0.5515695067264574,223,subject_loo,cpu,,,,,,,,,3.568462380906567,s_P27,,,223,0.17391084304932736,tabular_predict_proba,0.00017391084304932736,669,0.116346354,0.5158158471656749,SVM,SVM,baseline,not_applicable_for_classical_model,table6-valence-3class,223,3,,0.0008212801797253319,,,4345,,466,1,results/quick_v1_v2_comparison/2026-06-03_09-24-45/model_runs/2026-06-03_09-24-48/multiclass_table6_valence_3class_emotion-elicitation_2026-06-03_09-33-29/subject_loo/s_P27/baselines/SVM/model_benchmark.json,"{""n_features"": 68, ""n_support_by_class"": [1367, 1051, 1225]}",support_vectors,3643.0
0.6509433962264151,128,subject_loo,cuda,5.0,2.5217012708333333,synthetic_gazemae_encoder_pooling_head_forward,0.002521701270833333,48.0,0.121041661,16.0,24.0,1.1579430168494582,s_P28,2036500.0,82563.0,212,0.001530559748427673,cached_gazemae_embedding_mlp_head_predict_proba,1.530559748427673e-06,636,0.000973436,0.6326483401555606,GazeMAE_MLP,GazeMAE_MLP,baseline,frozen_gazemae_encoders_plus_trainable_mlp_head,table6-valence-3class,212,3,2119063.0,0.0002657661273466739,1.1073588639444746e-05,104568.0,4357,82563.0,465,1,results/quick_v1_v2_comparison/2026-06-03_09-24-45/model_runs/2026-06-03_09-24-48/multiclass_table6_valence_3class_emotion-elicitation_2026-06-03_09-33-29/subject_loo/s_P28/baselines/GazeMAE_MLP/model_benchmark.json,,,
0.6509433962264151,212,subject_loo,cpu,,,,,,,,,0.2820130249019712,s_P28,,,212,0.005398553459119497,tabular_predict_proba,5.398553459119497e-06,636,0.00343348,0.6308654386590141,LightGBM,LightGBM,baseline,not_applicable_for_classical_model,table6-valence-3class,212,3,,6.472642297497619e-05,,,4357,,465,1,results/quick_v1_v2_comparison/2026-06-03_09-24-45/model_runs/2026-06-03_09-24-48/multiclass_table6_valence_3class_emotion-elicitation_2026-06-03_09-33-29/subject_loo/s_P28/baselines/LightGBM/model_benchmark.json,"{""num_leaves_total"": 6236, ""num_trees"": 300}",trees,300.0
0.6179245283018868,128,subject_loo,cuda,,,,,,,,60.0,2.596598321804777,s_P28,,,212,0.0018880691823899374,tabular_predict_proba,1.8880691823899373e-06,636,0.001200812,0.5886449395050289,MLP,MLP,baseline,torch_head,table6-valence-3class,212,3,8771.0,0.0005959601381236578,9.932668968727629e-06,261420.0,4357,8771.0,465,1,results/quick_v1_v2_comparison/2026-06-03_09-24-45/model_runs/2026-06-03_09-24-48/multiclass_table6_valence_3class_emotion-elicitation_2026-06-03_09-33-29/subject_loo/s_P28/baselines/MLP/model_benchmark.json,,,
0.6179245283018868,212,subject_loo,cpu,,,,,,,,,3.572772195097059,s_P28,,,212,0.17491865094339623,tabular_predict_proba,0.00017491865094339623,636,0.111248262,0.5830475865936859,SVM,SVM,baseline,not_applicable_for_classical_model,table6-valence-3class,212,3,,0.0008200073892809408,,,4357,,465,1,results/quick_v1_v2_comparison/2026-06-03_09-24-45/model_runs/2026-06-03_09-24-48/multiclass_table6_valence_3class_emotion-elicitation_2026-06-03_09-33-29/subject_loo/s_P28/baselines/SVM/model_benchmark.json,"{""n_features"": 68, ""n_support_by_class"": [1398, 1048, 1219]}",support_vectors,3665.0
0.6574074074074074,128,subject_loo,cuda,5.0,2.511587083333333,synthetic_gazemae_encoder_pooling_head_forward,0.0025115870833333333,48.0,0.12055618,16.0,23.0,1.124428265960887,s_P29,2036500.0,82563.0,216,0.0014444984567901233,cached_gazemae_embedding_mlp_head_predict_proba,1.4444984567901234e-06,648,0.000936035,0.6345158906134515,GazeMAE_MLP,GazeMAE_MLP,baseline,frozen_gazemae_encoders_plus_trainable_mlp_head,table6-valence-3class,216,3,2119063.0,0.0002576600059488742,1.120260895429888e-05,100372.0,4364,82563.0,454,1,results/quick_v1_v2_comparison/2026-06-03_09-24-45/model_runs/2026-06-03_09-24-48/multiclass_table6_valence_3class_emotion-elicitation_2026-06-03_09-33-29/subject_loo/s_P29/baselines/GazeMAE_MLP/model_benchmark.json,,,
0.5555555555555556,216,subject_loo,cpu,,,,,,,,,0.2542796079069376,s_P29,,,216,0.006106158950617284,tabular_predict_proba,6.106158950617284e-06,648,0.003956791,0.410161801236852,LightGBM,LightGBM,baseline,not_applicable_for_classical_model,table6-valence-3class,216,3,,5.826755451579688e-05,,,4364,,454,1,results/quick_v1_v2_comparison/2026-06-03_09-24-45/model_runs/2026-06-03_09-24-48/multiclass_table6_valence_3class_emotion-elicitation_2026-06-03_09-33-29/subject_loo/s_P29/baselines/LightGBM/model_benchmark.json,"{""num_leaves_total"": 6574, ""num_trees"": 300}",trees,300.0
0.6018518518518519,128,subject_loo,cuda,,,,,,,,45.0,1.927251465851441,s_P29,,,216,0.0019063842592592594,tabular_predict_proba,1.9063842592592593e-06,648,0.001235337,0.5498278727445394,MLP,MLP,baseline,torch_head,table6-valence-3class,216,3,8771.0,0.0004416249921749407,9.813888714998681e-06,196380.0,4364,8771.0,454,1,results/quick_v1_v2_comparison/2026-06-03_09-24-45/model_runs/2026-06-03_09-24-48/multiclass_table6_valence_3class_emotion-elicitation_2026-06-03_09-33-29/subject_loo/s_P29/baselines/MLP/model_benchmark.json,,,
0.5740740740740741,216,subject_loo,cpu,,,,,,,,,3.587719521019608,s_P29,,,216,0.17848627314814813,tabular_predict_proba,0.00017848627314814814,648,0.115659105,0.4862327594885734,SVM,SVM,baseline,not_applicable_for_classical_model,table6-valence-3class,216,3,,0.0008221172137991769,,,4364,,454,1,results/quick_v1_v2_comparison/2026-06-03_09-24-45/model_runs/2026-06-03_09-24-48/multiclass_table6_valence_3class_emotion-elicitation_2026-06-03_09-33-29/subject_loo/s_P29/baselines/SVM/model_benchmark.json,"{""n_features"": 68, ""n_support_by_class"": [1389, 1011, 1256]}",support_vectors,3656.0
0.4911504424778761,128,subject_loo,cuda,5.0,2.5193698125,synthetic_gazemae_encoder_pooling_head_forward,0.0025193698125,48.0,0.120929751,16.0,16.0,0.7581026700790972,s_P30,2036500.0,82563.0,226,0.0014143643067846606,cached_gazemae_embedding_mlp_head_predict_proba,1.4143643067846607e-06,678,0.000958939,0.4663522012578616,GazeMAE_MLP,GazeMAE_MLP,baseline,frozen_gazemae_encoders_plus_trainable_mlp_head,table6-valence-3class,226,3,2119063.0,0.0001752028357012011,1.0950177231325068e-05,69232.0,4327,82563.0,481,1,results/quick_v1_v2_comparison/2026-06-03_09-24-45/model_runs/2026-06-03_09-24-48/multiclass_table6_valence_3class_emotion-elicitation_2026-06-03_09-33-29/subject_loo/s_P30/baselines/GazeMAE_MLP/model_benchmark.json,,,
0.5575221238938053,226,subject_loo,cpu,,,,,,,,,0.19421403598971665,s_P30,,,226,0.005461985250737464,tabular_predict_proba,5.461985250737463e-06,678,0.003703226,0.5248491106439994,LightGBM,LightGBM,baseline,not_applicable_for_classical_model,table6-valence-3class,226,3,,4.4884223709201906e-05,,,4327,,481,1,results/quick_v1_v2_comparison/2026-06-03_09-24-45/model_runs/2026-06-03_09-24-48/multiclass_table6_valence_3class_emotion-elicitation_2026-06-03_09-33-29/subject_loo/s_P30/baselines/LightGBM/model_benchmark.json,"{""num_leaves_total"": 6748, ""num_trees"": 300}",trees,300.0
0.6106194690265486,128,subject_loo,cuda,,,,,,,,17.0,0.7198180709965527,s_P30,,,226,0.0017580766961651916,tabular_predict_proba,1.7580766961651917e-06,678,0.001191976,0.6053871009114341,MLP,MLP,baseline,torch_head,table6-valence-3class,226,3,8771.0,0.00016635499676370528,9.78558804492384e-06,73559.0,4327,8771.0,481,1,results/quick_v1_v2_comparison/2026-06-03_09-24-45/model_runs/2026-06-03_09-24-48/multiclass_table6_valence_3class_emotion-elicitation_2026-06-03_09-33-29/subject_loo/s_P30/baselines/MLP/model_benchmark.json,,,
0.5530973451327433,226,subject_loo,cpu,,,,,,,,,3.4579161459114403,s_P30,,,226,0.17236837463126845,tabular_predict_proba,0.00017236837463126844,678,0.116865758,0.5360555892051955,SVM,SVM,baseline,not_applicable_for_classical_model,table6-valence-3class,226,3,,0.0007991486355237902,,,4327,,481,1,results/quick_v1_v2_comparison/2026-06-03_09-24-45/model_runs/2026-06-03_09-24-48/multiclass_table6_valence_3class_emotion-elicitation_2026-06-03_09-33-29/subject_loo/s_P30/baselines/SVM/model_benchmark.json,"{""n_features"": 68, ""n_support_by_class"": [1338, 1012, 1259]}",support_vectors,3609.0
0.46215139442231074,128,subject_loo,cuda,5.0,2.518658895833333,synthetic_gazemae_encoder_pooling_head_forward,0.0025186588958333333,48.0,0.120895627,16.0,27.0,1.3428188690450042,s_P4,2036500.0,82563.0,251,0.0012835099601593626,cached_gazemae_embedding_mlp_head_predict_proba,1.2835099601593625e-06,753,0.000966483,0.4334444341220678,GazeMAE_MLP,GazeMAE_MLP,baseline,frozen_gazemae_encoders_plus_trainable_mlp_head,table6-valence-3class,251,3,2119063.0,0.00030841039711644564,1.1422607300609097e-05,117558.0,4354,82563.0,429,1,results/quick_v1_v2_comparison/2026-06-03_09-24-45/model_runs/2026-06-03_09-24-48/multiclass_table6_valence_3class_emotion-elicitation_2026-06-03_09-33-29/subject_loo/s_P4/baselines/GazeMAE_MLP/model_benchmark.json,,,
0.5338645418326693,251,subject_loo,cpu,,,,,,,,,0.1936561989132315,s_P4,,,251,0.004881054448871182,tabular_predict_proba,4.8810544488711815e-06,753,0.003675434,0.5211172660394502,LightGBM,LightGBM,baseline,not_applicable_for_classical_model,table6-valence-3class,251,3,,4.447776732044821e-05,,,4354,,429,1,results/quick_v1_v2_comparison/2026-06-03_09-24-45/model_runs/2026-06-03_09-24-48/multiclass_table6_valence_3class_emotion-elicitation_2026-06-03_09-33-29/subject_loo/s_P4/baselines/LightGBM/model_benchmark.json,"{""num_leaves_total"": 6643, ""num_trees"": 300}",trees,300.0
0.49800796812749004,128,subject_loo,cuda,,,,,,,,37.0,1.5766810609493405,s_P4,,,251,0.0016063333333333333,tabular_predict_proba,1.6063333333333334e-06,753,0.001209569,0.4902905216270432,MLP,MLP,baseline,torch_head,table6-valence-3class,251,3,8771.0,0.00036212243016751043,9.787092707230012e-06,161098.0,4354,8771.0,429,1,results/quick_v1_v2_comparison/2026-06-03_09-24-45/model_runs/2026-06-03_09-24-48/multiclass_table6_valence_3class_emotion-elicitation_2026-06-03_09-33-29/subject_loo/s_P4/baselines/MLP/model_benchmark.json,,,
0.5577689243027888,251,subject_loo,cpu,,,,,,,,,3.5301903060171753,s_P4,,,251,0.1737092164674635,tabular_predict_proba,0.0001737092164674635,753,0.13080304,0.5517597968069666,SVM,SVM,baseline,not_applicable_for_classical_model,table6-valence-3class,251,3,,0.0008107924451118914,,,4354,,429,1,results/quick_v1_v2_comparison/2026-06-03_09-24-45/model_runs/2026-06-03_09-24-48/multiclass_table6_valence_3class_emotion-elicitation_2026-06-03_09-33-29/subject_loo/s_P4/baselines/SVM/model_benchmark.json,"{""n_features"": 68, ""n_support_by_class"": [1397, 998, 1246]}",support_vectors,3641.0
0.5781818181818181,128,subject_loo,cuda,5.0,2.5411894791666665,synthetic_gazemae_encoder_pooling_head_forward,0.0025411894791666665,48.0,0.121977095,16.0,21.0,1.0109687859658152,s_P5,2036500.0,82563.0,275,0.00119928,cached_gazemae_embedding_mlp_head_predict_proba,1.19928e-06,825,0.000989406,0.5715727841712094,GazeMAE_MLP,GazeMAE_MLP,baseline,frozen_gazemae_encoders_plus_trainable_mlp_head,table6-valence-3class,275,3,2119063.0,0.00023229981295170386,1.1061895854843041e-05,91392.0,4352,82563.0,407,1,results/quick_v1_v2_comparison/2026-06-03_09-24-45/model_runs/2026-06-03_09-24-48/multiclass_table6_valence_3class_emotion-elicitation_2026-06-03_09-33-29/subject_loo/s_P5/baselines/GazeMAE_MLP/model_benchmark.json,,,
0.5563636363636364,275,subject_loo,cpu,,,,,,,,,0.24261466902680695,s_P5,,,275,0.004720248484848485,tabular_predict_proba,4.720248484848485e-06,825,0.003894205,0.5471388752254468,LightGBM,LightGBM,baseline,not_applicable_for_classical_model,table6-valence-3class,275,3,,5.574785593446851e-05,,,4352,,407,1,results/quick_v1_v2_comparison/2026-06-03_09-24-45/model_runs/2026-06-03_09-24-48/multiclass_table6_valence_3class_emotion-elicitation_2026-06-03_09-33-29/subject_loo/s_P5/baselines/LightGBM/model_benchmark.json,"{""num_leaves_total"": 6618, ""num_trees"": 300}",trees,300.0
0.5345454545454545,128,subject_loo,cuda,,,,,,,,18.0,0.7753894540946931,s_P5,,,275,0.0014884278787878787,tabular_predict_proba,1.4884278787878786e-06,825,0.001227953,0.5162329436188358,MLP,MLP,baseline,torch_head,table6-valence-3class,275,3,8771.0,0.000178168532650435,9.898251813913055e-06,78336.0,4352,8771.0,407,1,results/quick_v1_v2_comparison/2026-06-03_09-24-45/model_runs/2026-06-03_09-24-48/multiclass_table6_valence_3class_emotion-elicitation_2026-06-03_09-33-29/subject_loo/s_P5/baselines/MLP/model_benchmark.json,,,
0.5636363636363636,275,subject_loo,cpu,,,,,,,,,3.528162262868136,s_P5,,,275,0.17213338181818183,tabular_predict_proba,0.00017213338181818182,825,0.14201004,0.5512566511553927,SVM,SVM,baseline,not_applicable_for_classical_model,table6-valence-3class,275,3,,0.000810699049372274,,,4352,,407,1,results/quick_v1_v2_comparison/2026-06-03_09-24-45/model_runs/2026-06-03_09-24-48/multiclass_table6_valence_3class_emotion-elicitation_2026-06-03_09-33-29/subject_loo/s_P5/baselines/SVM/model_benchmark.json,"{""n_features"": 68, ""n_support_by_class"": [1361, 1028, 1221]}",support_vectors,3610.0
0.26521739130434785,128,subject_loo,cuda,5.0,2.5221750833333334,synthetic_gazemae_encoder_pooling_head_forward,0.0025221750833333335,48.0,0.121064404,16.0,18.0,0.9066467059310526,s_P7,2036500.0,82563.0,230,0.0019046739130434782,cached_gazemae_embedding_mlp_head_predict_proba,1.9046739130434783e-06,690,0.001314225,0.2903873744619799,GazeMAE_MLP,GazeMAE_MLP,baseline,frozen_gazemae_encoders_plus_trainable_mlp_head,table6-valence-3class,230,3,2119063.0,0.0002090492750590391,1.161384861439106e-05,78066.0,4337,82563.0,467,1,results/quick_v1_v2_comparison/2026-06-03_09-24-45/model_runs/2026-06-03_09-24-48/multiclass_table6_valence_3class_emotion-elicitation_2026-06-03_09-33-29/subject_loo/s_P7/baselines/GazeMAE_MLP/model_benchmark.json,,,
0.6173913043478261,230,subject_loo,cpu,,,,,,,,,0.23705280595459044,s_P7,,,230,0.005533682608695653,tabular_predict_proba,5.5336826086956526e-06,690,0.003818241,0.5728829849311777,LightGBM,LightGBM,baseline,not_applicable_for_classical_model,table6-valence-3class,230,3,,5.465824439810709e-05,,,4337,,467,1,results/quick_v1_v2_comparison/2026-06-03_09-24-45/model_runs/2026-06-03_09-24-48/multiclass_table6_valence_3class_emotion-elicitation_2026-06-03_09-33-29/subject_loo/s_P7/baselines/LightGBM/model_benchmark.json,"{""num_leaves_total"": 6819, ""num_trees"": 300}",trees,300.0
0.6,128,subject_loo,cuda,,,,,,,,16.0,0.7001330489292741,s_P7,,,230,0.0017252942028985507,tabular_predict_proba,1.7252942028985507e-06,690,0.001190453,0.524455875317653,MLP,MLP,baseline,torch_head,table6-valence-3class,230,3,8771.0,0.00016143256834892186,1.0089535521807616e-05,69392.0,4337,8771.0,467,1,results/quick_v1_v2_comparison/2026-06-03_09-24-45/model_runs/2026-06-03_09-24-48/multiclass_table6_valence_3class_emotion-elicitation_2026-06-03_09-33-29/subject_loo/s_P7/baselines/MLP/model_benchmark.json,,,
0.6434782608695652,230,subject_loo,cpu,,,,,,,,,3.427510326029733,s_P7,,,230,0.17207563623188407,tabular_predict_proba,0.00017207563623188407,690,0.118732189,0.5798920194109135,SVM,SVM,baseline,not_applicable_for_classical_model,table6-valence-3class,230,3,,0.0007902952100598877,,,4337,,467,1,results/quick_v1_v2_comparison/2026-06-03_09-24-45/model_runs/2026-06-03_09-24-48/multiclass_table6_valence_3class_emotion-elicitation_2026-06-03_09-33-29/subject_loo/s_P7/baselines/SVM/model_benchmark.json,"{""n_features"": 68, ""n_support_by_class"": [1341, 994, 1240]}",support_vectors,3575.0
0.5205479452054794,128,subject_loo,cuda,5.0,2.5075309375,synthetic_gazemae_encoder_pooling_head_forward,0.0025075309375,48.0,0.120361485,16.0,19.0,0.96251843101345,s_P8,2036500.0,82563.0,219,0.0014318949771689499,cached_gazemae_embedding_mlp_head_predict_proba,1.43189497716895e-06,657,0.000940755,0.48359611403089664,GazeMAE_MLP,GazeMAE_MLP,baseline,frozen_gazemae_encoders_plus_trainable_mlp_head,table6-valence-3class,219,3,2119063.0,0.0002200042128030743,1.1579169094898647e-05,83125.0,4375,82563.0,440,1,results/quick_v1_v2_comparison/2026-06-03_09-24-45/model_runs/2026-06-03_09-24-48/multiclass_table6_valence_3class_emotion-elicitation_2026-06-03_09-33-29/subject_loo/s_P8/baselines/GazeMAE_MLP/model_benchmark.json,,,
0.593607305936073,219,subject_loo,cpu,,,,,,,,,0.18709310004487634,s_P8,,,219,0.005382257229832572,tabular_predict_proba,5.382257229832572e-06,657,0.003536143,0.567288083221753,LightGBM,LightGBM,baseline,not_applicable_for_classical_model,table6-valence-3class,219,3,,4.276413715311459e-05,,,4375,,440,1,results/quick_v1_v2_comparison/2026-06-03_09-24-45/model_runs/2026-06-03_09-24-48/multiclass_table6_valence_3class_emotion-elicitation_2026-06-03_09-33-29/subject_loo/s_P8/baselines/LightGBM/model_benchmark.json,"{""num_leaves_total"": 6589, ""num_trees"": 300}",trees,300.0
0.5981735159817352,128,subject_loo,cuda,,,,,,,,25.0,1.1004999850410968,s_P8,,,219,0.0018695951293759515,tabular_predict_proba,1.8695951293759514e-06,657,0.001228324,0.5715009170293723,MLP,MLP,baseline,torch_head,table6-valence-3class,219,3,8771.0,0.00025154285372367926,1.0061714148947172e-05,109375.0,4375,8771.0,440,1,results/quick_v1_v2_comparison/2026-06-03_09-24-45/model_runs/2026-06-03_09-24-48/multiclass_table6_valence_3class_emotion-elicitation_2026-06-03_09-33-29/subject_loo/s_P8/baselines/MLP/model_benchmark.json,,,
0.6255707762557078,219,subject_loo,cpu,,,,,,,,,3.748129141982645,s_P8,,,219,0.17560863318112635,tabular_predict_proba,0.00017560863318112635,657,0.115374872,0.6048371531726205,SVM,SVM,baseline,not_applicable_for_classical_model,table6-valence-3class,219,3,,0.0008567152324531759,,,4375,,440,1,results/quick_v1_v2_comparison/2026-06-03_09-24-45/model_runs/2026-06-03_09-24-48/multiclass_table6_valence_3class_emotion-elicitation_2026-06-03_09-33-29/subject_loo/s_P8/baselines/SVM/model_benchmark.json,"{""n_features"": 68, ""n_support_by_class"": [1384, 1026, 1255]}",support_vectors,3665.0
