,x-avg,y-avg,pupil-size-left-avg,pupil-size-right-avg,emotion-id,emotion-arousal,emotion-valence,emotion-control,emotion-predictability
x-avg,1.0,-0.07979413759213937,0.07971268840702028,0.060071486118223785,0.04248558936611737,0.038828187258711296,0.01781018911836269,0.009379133034946217,-0.01746388652635102
y-avg,-0.07979413759213937,1.0,-0.006196194031100821,0.0012074208286103748,0.012877327789288026,-0.003233756619576236,-0.023143791256032924,0.0025555030553379523,0.026245085479162128
pupil-size-left-avg,0.07971268840702028,-0.006196194031100821,1.0,0.9023603438111187,0.06513646691415138,0.19752392016694476,-0.2563444433413274,-0.21182089559553705,-0.14846866866056707
pupil-size-right-avg,0.060071486118223785,0.0012074208286103748,0.9023603438111187,1.0,0.05825309240910982,0.22166035892620675,-0.21879909414194723,-0.2772652910728065,-0.15858291289177545
emotion-id,0.04248558936611737,0.012877327789288026,0.06513646691415138,0.05825309240910982,1.0,0.30978424439475366,0.23556848503456462,0.05207753587590395,-0.16886539716088161
emotion-arousal,0.038828187258711296,-0.003233756619576236,0.19752392016694476,0.22166035892620675,0.30978424439475366,1.0,-0.2216875610908363,-0.3237825139532167,-0.28053050208936287
emotion-valence,0.01781018911836269,-0.023143791256032924,-0.2563444433413274,-0.21879909414194723,0.23556848503456462,-0.2216875610908363,1.0,0.5310479974923746,-0.054682554812916194
emotion-control,0.009379133034946217,0.0025555030553379523,-0.21182089559553705,-0.2772652910728065,0.05207753587590395,-0.3237825139532167,0.5310479974923746,1.0,0.1173455818430874
emotion-predictability,-0.01746388652635102,0.026245085479162128,-0.14846866866056707,-0.15858291289177545,-0.16886539716088161,-0.28053050208936287,-0.054682554812916194,0.1173455818430874,1.0
