emotion-name,column,n_total,n_kept,n_removed,pct_removed,lower_bound,upper_bound
Amusement,x-avg,52381,52153,228,0.4352723315706077,67.99999999999994,1193.3333333333335
Anger,x-avg,6415,6399,16,0.24941543257989088,-66.34999999999991,1345.25
Anxiety,x-avg,13160,12977,183,1.390577507598784,80.5,1116.5
Disgust,x-avg,23472,23179,293,1.2482958418541241,70.5,1138.5
Fear,x-avg,13372,13097,275,2.056536045468142,131.0,1083.0
Joy/Happiness,x-avg,34424,34132,292,0.8482454101789448,66.5,1158.5
Neutral,x-avg,56781,56657,124,0.21838290977615754,-171.5,1320.5
Sadness,x-avg,37882,36849,1033,2.726888759833166,142.0,1094.0
Surprise,x-avg,12113,12062,51,0.42103525138281184,-16.5,1195.5
